,Dia,Taxa Compra 9:00,Taxa Venda 9:00,PU Compra 9:00,PU Venda 9:00,Vencimento,Titulo_Completo,Titulo
4,2002-01-07 00:00:00,0.0024000000000000002,0.0026,1263.01,1262.5,20040121,LFT 210104,LFT
5,2002-01-08 00:00:00,0.0024000000000000002,0.0026,1263.9,1263.39,20040121,LFT 210104,LFT
6,2002-01-09 00:00:00,0.0024000000000000002,0.0026,1264.79,1264.27,20040121,LFT 210104,LFT
7,2002-01-10 00:00:00,0.0024000000000000002,0.0026,1265.67,1265.16,20040121,LFT 210104,LFT
8,2002-01-11 00:00:00,0.0023,0.0025,1266.82,1266.31,20040121,LFT 210104,LFT
9,2002-01-14 00:00:00,0.0023,0.0025,1267.71,1267.2,20040121,LFT 210104,LFT
10,2002-01-15 00:00:00,0.0023,0.0025,1268.6,1268.09,20040121,LFT 210104,LFT
11,2002-01-16 00:00:00,0.0023,0.0025,1269.49,1268.98,20040121,LFT 210104,LFT
12,2002-01-17 00:00:00,0.0024000000000000002,0.0026,1270.12,1269.61,20040121,LFT 210104,LFT
13,2002-01-18 00:00:00,0.0024000000000000002,0.0026,1271.01,1270.5,20040121,LFT 210104,LFT
14,2002-01-21 00:00:00,0.0024000000000000002,0.0026,1271.9,1271.4,20040121,LFT 210104,LFT
15,2002-01-22 00:00:00,0.0024000000000000002,0.0026,1272.8,1272.29,20040121,LFT 210104,LFT
16,2002-01-23 00:00:00,0.0024000000000000002,0.0026,1273.69,1273.18,20040121,LFT 210104,LFT
17,2002-01-24 00:00:00,0.0024000000000000002,0.0026,1274.58,1274.08,20040121,LFT 210104,LFT
18,2002-01-25 00:00:00,0.0024000000000000002,0.0026,1275.48,1274.97,20040121,LFT 210104,LFT
19,2002-01-28 00:00:00,0.0024000000000000002,0.0026,1276.37,1275.87,20040121,LFT 210104,LFT
20,2002-01-29 00:00:00,0.0024000000000000002,0.0026,1277.27,1276.76,20040121,LFT 210104,LFT
21,2002-01-30 00:00:00,0.0024000000000000002,0.0026,1278.17,1277.66,20040121,LFT 210104,LFT
22,2002-01-31 00:00:00,0.0024000000000000002,0.0026,1279.06,1278.56,20040121,LFT 210104,LFT
23,2002-02-01 00:00:00,0.0024000000000000002,0.0026,1279.96,1279.46,20040121,LFT 210104,LFT
24,2002-02-04 00:00:00,0.0024000000000000002,0.0026,1280.86,1280.36,20040121,LFT 210104,LFT
25,2002-02-05 00:00:00,0.0024000000000000002,0.0026,1281.76,1281.26,20040121,LFT 210104,LFT
26,2002-02-06 00:00:00,0.0024000000000000002,0.0026,1282.66,1282.16,20040121,LFT 210104,LFT
27,2002-02-07 00:00:00,0.0024000000000000002,0.0026,1283.56,1283.06,20040121,LFT 210104,LFT
28,2002-02-08 00:00:00,0.0025,0.0026999999999999997,1284.21,1283.71,20040121,LFT 210104,LFT
29,2002-02-13 00:00:00,0.003,0.0031999999999999997,1283.86,1283.37,20040121,LFT 210104,LFT
30,2002-02-14 00:00:00,0.003,0.0031999999999999997,1284.77,1284.27,20040121,LFT 210104,LFT
31,2002-02-15 00:00:00,0.0031000000000000003,0.0033,1285.42,1284.93,20040121,LFT 210104,LFT
32,2002-02-18 00:00:00,0.0031000000000000003,0.0033,1286.33,1285.83,20040121,LFT 210104,LFT
33,2002-02-19 00:00:00,0.0032,0.0034,1286.99,1286.49,20040121,LFT 210104,LFT
34,2002-02-20 00:00:00,0.0035,0.0036999999999999997,1287.16,1286.66,20040121,LFT 210104,LFT
35,2002-02-21 00:00:00,0.0035,0.0036999999999999997,1288.05,1287.56,20040121,LFT 210104,LFT
36,2002-02-22 00:00:00,0.0036000000000000003,0.0038,1288.71,1288.21,20040121,LFT 210104,LFT
37,2002-02-25 00:00:00,0.0036000000000000003,0.0038,1289.61,1289.11,20040121,LFT 210104,LFT
38,2002-02-26 00:00:00,0.0036000000000000003,0.0038,1290.51,1290.01,20040121,LFT 210104,LFT
39,2002-02-27 00:00:00,0.0036000000000000003,0.0038,1291.41,1290.92,20040121,LFT 210104,LFT
40,2002-02-28 00:00:00,0.0036000000000000003,0.0038,1292.31,1291.82,20040121,LFT 210104,LFT
41,2002-03-01 00:00:00,0.0036000000000000003,0.0038,1293.21,1292.72,20040121,LFT 210104,LFT
42,2002-03-04 00:00:00,0.0035,0.0036999999999999997,1294.36,1293.87,20040121,LFT 210104,LFT
43,2002-03-05 00:00:00,0.0034000000000000002,0.0036,1295.5,1295.02,20040121,LFT 210104,LFT
44,2002-03-06 00:00:00,0.0036000000000000003,0.0038,1295.92,1295.43,20040121,LFT 210104,LFT
45,2002-03-07 00:00:00,0.0037,0.0039,1296.58,1296.1,20040121,LFT 210104,LFT
46,2002-03-08 00:00:00,0.0038,0.004,1297.25,1296.76,20040121,LFT 210104,LFT
47,2002-03-11 00:00:00,0.0038,0.004,1298.15,1297.67,20040121,LFT 210104,LFT
48,2002-03-12 00:00:00,0.0038,0.004,1299.06,1298.58,20040121,LFT 210104,LFT
49,2002-03-13 00:00:00,0.0037,0.0039,1300.21,1299.73,20040121,LFT 210104,LFT
50,2002-03-14 00:00:00,0.0036000000000000003,0.0038,1301.36,1300.88,20040121,LFT 210104,LFT
51,2002-03-15 00:00:00,0.0036000000000000003,0.0038,1302.27,1301.78,20040121,LFT 210104,LFT
52,2002-03-18 00:00:00,0.0035,0.0036999999999999997,1303.42,1302.94,20040121,LFT 210104,LFT
53,2002-03-19 00:00:00,0.0034000000000000002,0.0036,1304.57,1304.08,20040121,LFT 210104,LFT
54,2002-03-20 00:00:00,0.0035,0.0036999999999999997,1305.24,1304.76,20040121,LFT 210104,LFT
55,2002-03-21 00:00:00,0.0035,0.0036999999999999997,1306.13,1305.66,20040121,LFT 210104,LFT
56,2002-03-22 00:00:00,0.0035,0.0036999999999999997,1307.04,1306.56,20040121,LFT 210104,LFT
57,2002-03-25 00:00:00,0.0034000000000000002,0.0036,1308.17,1307.7,20040121,LFT 210104,LFT
58,2002-03-26 00:00:00,0.0034000000000000002,0.0036,1309.08,1308.6,20040121,LFT 210104,LFT
59,2002-03-27 00:00:00,0.0034000000000000002,0.0036,1309.98,1309.5,20040121,LFT 210104,LFT
60,2002-03-28 00:00:00,0.0034000000000000002,0.0036,1310.88,1310.41,20040121,LFT 210104,LFT
61,2002-04-01 00:00:00,0.0035,0.0036999999999999997,1311.54,1311.07,20040121,LFT 210104,LFT
62,2002-04-02 00:00:00,0.0036000000000000003,0.0038,1312.21,1311.73,20040121,LFT 210104,LFT
63,2002-04-03 00:00:00,0.0037,0.0039,1312.87,1312.4,20040121,LFT 210104,LFT
64,2002-04-04 00:00:00,0.0038,0.004,1313.53,1313.06,20040121,LFT 210104,LFT
65,2002-04-05 00:00:00,0.0039000000000000003,0.0041,1314.2,1313.73,20040121,LFT 210104,LFT
66,2002-04-08 00:00:00,0.004,0.004200000000000001,1314.86,1314.39,20040121,LFT 210104,LFT
67,2002-04-09 00:00:00,0.0040999999999999995,0.0043,1315.53,1315.06,20040121,LFT 210104,LFT
68,2002-04-10 00:00:00,0.0035,0.0036999999999999997,1317.84,1317.37,20040121,LFT 210104,LFT
69,2002-04-11 00:00:00,0.0035,0.0036999999999999997,1318.75,1318.28,20040121,LFT 210104,LFT
70,2002-04-12 00:00:00,0.0033,0.0034999999999999996,1320.12,1319.65,20040121,LFT 210104,LFT
71,2002-04-15 00:00:00,0.0033,0.0034999999999999996,1321.02,1320.55,20040121,LFT 210104,LFT
72,2002-04-16 00:00:00,0.0032,0.0034,1322.15,1321.69,20040121,LFT 210104,LFT
73,2002-04-17 00:00:00,0.0032,0.0034,1323.06,1322.59,20040121,LFT 210104,LFT
74,2002-04-18 00:00:00,0.0032,0.0034,1323.96,1323.5,20040121,LFT 210104,LFT
75,2002-04-19 00:00:00,0.0032,0.0034,1324.87,1324.4,20040121,LFT 210104,LFT
76,2002-04-22 00:00:00,0.0032,0.0034,1325.77,1325.31,20040121,LFT 210104,LFT
77,2002-04-23 00:00:00,0.0032,0.0034,1326.68,1326.21,20040121,LFT 210104,LFT
78,2002-04-24 00:00:00,0.0032,0.0034,1327.58,1327.12,20040121,LFT 210104,LFT
79,2002-04-25 00:00:00,0.0039000000000000003,0.0041,1326.87,1326.41,20040121,LFT 210104,LFT
80,2002-04-26 00:00:00,0.0045,0.0047,1326.39,1325.93,20040121,LFT 210104,LFT
81,2002-04-29 00:00:00,0.0050999999999999995,0.0053,1325.93,1325.47,20040121,LFT 210104,LFT
82,2002-04-30 00:00:00,0.0063999999999999994,0.0066,1323.87,1323.41,20040121,LFT 210104,LFT
83,2002-05-02 00:00:00,0.006699999999999999,0.0069,1324.09,1323.64,20040121,LFT 210104,LFT
84,2002-05-03 00:00:00,0.0069,0.0071,1324.56,1324.11,20040121,LFT 210104,LFT
85,2002-05-06 00:00:00,0.007,0.007200000000000001,1325.26,1324.8,20040121,LFT 210104,LFT
86,2002-05-07 00:00:00,0.0070999999999999995,0.0073,1325.95,1325.5,20040121,LFT 210104,LFT
87,2002-05-08 00:00:00,0.006,0.006200000000000001,1329.36,1328.91,20040121,LFT 210104,LFT
88,2002-05-09 00:00:00,0.007,0.007200000000000001,1328.02,1327.57,20040121,LFT 210104,LFT
89,2002-05-10 00:00:00,0.0069,0.0071,1329.17,1328.72,20040121,LFT 210104,LFT
90,2002-05-13 00:00:00,0.0068,0.007,1330.32,1329.87,20040121,LFT 210104,LFT
91,2002-05-14 00:00:00,0.0068,0.007,1331.25,1330.8,20040121,LFT 210104,LFT
92,2002-05-15 00:00:00,0.0092,0.009399999999999999,1326.81,1326.37,20040121,LFT 210104,LFT
93,2002-05-16 00:00:00,0.0091,0.0093,1328.87,1328.42,20040121,LFT 210104,LFT
94,2002-05-17 00:00:00,0.0092,0.009399999999999999,1328.69,1328.25,20040121,LFT 210104,LFT
95,2002-05-20 00:00:00,0.0091,0.0093,1329.85,1329.41,20040121,LFT 210104,LFT
96,2002-05-21 00:00:00,0.0091,0.0093,1330.79,1330.35,20040121,LFT 210104,LFT
97,2002-05-22 00:00:00,0.0091,0.0093,1331.73,1331.29,20040121,LFT 210104,LFT
98,2002-05-23 00:00:00,0.0091,0.0093,1332.67,1332.23,20040121,LFT 210104,LFT
99,2002-05-24 00:00:00,0.0092,0.009399999999999999,1333.39,1332.95,20040121,LFT 210104,LFT
100,2002-05-27 00:00:00,0.0091,0.0093,1334.56,1334.12,20040121,LFT 210104,LFT
101,2002-05-28 00:00:00,0.0092,0.009399999999999999,1335.28,1334.84,20040121,LFT 210104,LFT
102,2002-05-29 00:00:00,0.010400000000000001,0.0106,1333.6,1333.16,20040121,LFT 210104,LFT
103,2002-05-31 00:00:00,0.0126,0.012799999999999999,1329.76,1329.33,20040121,LFT 210104,LFT
104,2002-06-03 00:00:00,0.013300000000000001,0.0135,1329.2,1328.76,20040121,LFT 210104,LFT
105,2002-06-04 00:00:00,0.0146,0.014799999999999999,1327.31,1326.88,20040121,LFT 210104,LFT
106,2002-06-05 00:00:00,0.015,0.0152,1327.31,1326.88,20040121,LFT 210104,LFT
107,2002-06-06 00:00:00,0.014,0.014199999999999999,1330.35,1329.92,20040121,LFT 210104,LFT
108,2002-06-07 00:00:00,0.014,0.014199999999999999,1331.3,1330.87,20040121,LFT 210104,LFT
109,2002-06-10 00:00:00,0.0142,0.0144,1331.83,1331.4,20040121,LFT 210104,LFT
110,2002-06-11 00:00:00,0.0142,0.0144,1332.79,1332.36,20040121,LFT 210104,LFT
111,2002-06-12 00:00:00,0.0143,0.014499999999999999,1333.54,1333.12,20040121,LFT 210104,LFT
112,2002-06-13 00:00:00,0.015300000000000001,0.0155,1332.38,1331.96,20040121,LFT 210104,LFT
113,2002-06-14 00:00:00,0.0151,0.0153,1333.78,1333.35,20040121,LFT 210104,LFT
114,2002-06-17 00:00:00,0.0182,0.0184,1328.23,1327.81,20040121,LFT 210104,LFT
115,2002-06-18 00:00:00,0.0134,0.0136,1339.32,1338.9,20040121,LFT 210104,LFT
116,2002-06-19 00:00:00,0.0132,0.013399999999999999,1340.71,1340.29,20040121,LFT 210104,LFT
117,2002-06-20 00:00:00,0.013300000000000001,0.0135,1341.47,1341.05,20040121,LFT 210104,LFT
118,2002-06-21 00:00:00,0.0134,0.0136,1342.23,1341.81,20040121,LFT 210104,LFT
119,2002-06-24 00:00:00,0.0134,0.0136,1343.2,1342.78,20040121,LFT 210104,LFT
120,2002-06-25 00:00:00,0.0137,0.0139,1343.54,1343.12,20040121,LFT 210104,LFT
121,2002-06-26 00:00:00,0.0142,0.0144,1343.47,1343.05,20040121,LFT 210104,LFT
122,2002-06-27 00:00:00,0.0143,0.014499999999999999,1344.24,1343.82,20040121,LFT 210104,LFT
123,2002-06-28 00:00:00,0.0143,0.014499999999999999,1345.21,1344.8,20040121,LFT 210104,LFT
124,2002-07-01 00:00:00,0.0143,0.014499999999999999,1346.19,1345.78,20040121,LFT 210104,LFT
125,2002-07-02 00:00:00,0.0143,0.014499999999999999,1347.17,1346.76,20040121,LFT 210104,LFT
126,2002-07-03 00:00:00,0.014400000000000001,0.0146,1347.94,1347.53,20040121,LFT 210104,LFT
127,2002-07-04 00:00:00,0.014400000000000001,0.0146,1348.92,1348.51,20040121,LFT 210104,LFT
128,2002-07-05 00:00:00,0.0143,0.014499999999999999,1350.11,1349.7,20040121,LFT 210104,LFT
129,2002-07-08 00:00:00,0.0143,0.014499999999999999,1351.09,1350.68,20040121,LFT 210104,LFT
130,2002-07-09 00:00:00,0.0143,0.014499999999999999,1352.07,1351.66,20040121,LFT 210104,LFT
131,2002-07-10 00:00:00,0.0143,0.014499999999999999,1353.06,1352.65,20040121,LFT 210104,LFT
132,2002-07-11 00:00:00,0.014400000000000001,0.0146,1353.83,1353.43,20040121,LFT 210104,LFT
133,2002-07-12 00:00:00,0.014400000000000001,0.0146,1354.82,1354.41,20040121,LFT 210104,LFT
134,2002-07-15 00:00:00,0.014400000000000001,0.0146,1355.8,1355.4,20040121,LFT 210104,LFT
135,2002-07-16 00:00:00,0.0182,0.0184,1349.08,1348.68,20040121,LFT 210104,LFT
136,2002-07-17 00:00:00,0.0184,0.0186,1349.68,1349.28,20040121,LFT 210104,LFT
137,2002-07-18 00:00:00,0.0183,0.0185,1350.86,1350.46,20040121,LFT 210104,LFT
138,2002-07-19 00:00:00,0.0177,0.0179,1353.05,1352.64,20040121,LFT 210104,LFT
139,2002-07-22 00:00:00,0.0177,0.0179,1354.02,1353.62,20040121,LFT 210104,LFT
140,2002-07-23 00:00:00,0.0177,0.0179,1355,1354.6,20040121,LFT 210104,LFT
141,2002-07-24 00:00:00,0.018000000000000002,0.0182,1355.38,1354.98,20040121,LFT 210104,LFT
142,2002-07-25 00:00:00,0.018000000000000002,0.0182,1356.36,1355.96,20040121,LFT 210104,LFT
143,2002-07-26 00:00:00,0.0185,0.018699999999999998,1356.35,1355.95,20040121,LFT 210104,LFT
144,2002-07-29 00:00:00,0.0191,0.019299999999999998,1356.15,1355.75,20040121,LFT 210104,LFT
145,2002-07-30 00:00:00,0.019200000000000002,0.0194,1356.93,1356.54,20040121,LFT 210104,LFT
146,2002-07-31 00:00:00,0.0193,0.0195,1357.72,1357.33,20040121,LFT 210104,LFT
147,2002-08-01 00:00:00,0.0194,0.0196,1358.52,1358.12,20040121,LFT 210104,LFT
148,2002-08-02 00:00:00,0.019200000000000002,0.0194,1359.9,1359.5,20040121,LFT 210104,LFT
149,2002-08-05 00:00:00,0.019200000000000002,0.0194,1360.89,1360.49,20040121,LFT 210104,LFT
150,2002-08-06 00:00:00,0.0213,0.0215,1357.78,1357.39,20040121,LFT 210104,LFT
151,2002-08-07 00:00:00,0.0214,0.021599999999999998,1358.58,1358.19,20040121,LFT 210104,LFT
152,2002-08-08 00:00:00,0.0214,0.021599999999999998,1359.58,1359.2,20040121,LFT 210104,LFT
153,2002-08-09 00:00:00,0.0213,0.0215,1360.78,1360.39,20040121,LFT 210104,LFT
154,2002-08-12 00:00:00,0.0246,0.0248,1355.43,1355.05,20040121,LFT 210104,LFT
155,2002-08-13 00:00:00,0.0258,0.026,1354.15,1353.77,20040121,LFT 210104,LFT
156,2002-08-14 00:00:00,0.0264,0.0266,1354.03,1353.65,20040121,LFT 210104,LFT
157,2002-08-15 00:00:00,0.0267,0.0269,1354.48,1354.11,20040121,LFT 210104,LFT
158,2002-08-16 00:00:00,0.0258,0.026,1357.21,1356.83,20040121,LFT 210104,LFT
159,2002-08-19 00:00:00,0.025,0.0252,1359.75,1359.37,20040121,LFT 210104,LFT
160,2002-08-20 00:00:00,0.0244,0.0246,1361.9,1361.53,20040121,LFT 210104,LFT
161,2002-08-21 00:00:00,0.0246,0.0248,1362.54,1362.17,20040121,LFT 210104,LFT
162,2002-08-22 00:00:00,0.0236,0.023799999999999998,1365.45,1365.08,20040121,LFT 210104,LFT
163,2002-08-23 00:00:00,0.023700000000000002,0.0239,1366.28,1365.9,20040121,LFT 210104,LFT
164,2002-08-26 00:00:00,0.0235,0.0237,1367.67,1367.3,20040121,LFT 210104,LFT
165,2002-08-27 00:00:00,0.0231,0.023299999999999998,1369.44,1369.06,20040121,LFT 210104,LFT
166,2002-08-28 00:00:00,0.0224,0.0226,1371.77,1371.39,20040121,LFT 210104,LFT
167,2002-08-29 00:00:00,0.0219,0.022099999999999998,1373.72,1373.35,20040121,LFT 210104,LFT
168,2002-08-30 00:00:00,0.0217,0.0219,1375.11,1374.74,20040121,LFT 210104,LFT
169,2002-09-02 00:00:00,0.0212,0.0214,1377.06,1376.69,20040121,LFT 210104,LFT
170,2002-09-03 00:00:00,0.0212,0.0214,1378.07,1377.7,20040121,LFT 210104,LFT
171,2002-09-04 00:00:00,0.0211,0.0213,1379.27,1378.9,20040121,LFT 210104,LFT
172,2002-09-05 00:00:00,0.021,0.0212,1380.48,1380.1,20040121,LFT 210104,LFT
173,2002-09-06 00:00:00,0.020900000000000002,0.0211,1381.68,1381.3,20040121,LFT 210104,LFT
174,2002-09-09 00:00:00,0.020900000000000002,0.0211,1382.69,1382.32,20040121,LFT 210104,LFT
175,2002-09-10 00:00:00,0.020900000000000002,0.0211,1383.71,1383.34,20040121,LFT 210104,LFT
176,2002-09-11 00:00:00,0.0208,0.020999999999999998,1384.91,1384.54,20040121,LFT 210104,LFT
177,2002-09-12 00:00:00,0.0208,0.020999999999999998,1385.93,1385.56,20040121,LFT 210104,LFT
178,2002-09-13 00:00:00,0.0207,0.0209,1387.13,1386.77,20040121,LFT 210104,LFT
179,2002-09-16 00:00:00,0.0207,0.0209,1388.15,1387.79,20040121,LFT 210104,LFT
180,2002-09-17 00:00:00,0.0206,0.0208,1389.36,1388.99,20040121,LFT 210104,LFT
181,2002-09-18 00:00:00,0.0206,0.0208,1390.38,1390.01,20040121,LFT 210104,LFT
182,2002-09-19 00:00:00,0.0207,0.0209,1391.22,1390.85,20040121,LFT 210104,LFT
183,2002-09-20 00:00:00,0.0207,0.0209,1392.24,1391.88,20040121,LFT 210104,LFT
184,2002-09-23 00:00:00,0.0208,0.020999999999999998,1393.08,1392.72,20040121,LFT 210104,LFT
185,2002-09-24 00:00:00,0.020900000000000002,0.0211,1393.93,1393.56,20040121,LFT 210104,LFT
186,2002-09-25 00:00:00,0.020900000000000002,0.0211,1394.95,1394.59,20040121,LFT 210104,LFT
187,2002-09-26 00:00:00,0.0211,0.0213,1395.62,1395.26,20040121,LFT 210104,LFT
188,2002-09-27 00:00:00,0.0211,0.0213,1396.64,1396.29,20040121,LFT 210104,LFT
189,2002-09-30 00:00:00,0.0212,0.0214,1397.49,1397.14,20040121,LFT 210104,LFT
190,2002-10-01 00:00:00,0.0212,0.0214,1398.52,1398.17,20040121,LFT 210104,LFT
191,2002-10-02 00:00:00,0.0212,0.0214,1399.55,1399.2,20040121,LFT 210104,LFT
192,2002-10-03 00:00:00,0.0212,0.0214,1400.59,1400.23,20040121,LFT 210104,LFT
193,2002-10-04 00:00:00,0.0212,0.0214,1401.62,1401.26,20040121,LFT 210104,LFT
194,2002-10-07 00:00:00,0.0212,0.0214,1402.65,1402.3,20040121,LFT 210104,LFT
195,2002-10-08 00:00:00,0.0212,0.0214,1403.68,1403.33,20040121,LFT 210104,LFT
196,2002-10-09 00:00:00,0.0214,0.021599999999999998,1404.37,1404.01,20040121,LFT 210104,LFT
197,2002-10-10 00:00:00,0.0214,0.021599999999999998,1405.4,1405.05,20040121,LFT 210104,LFT
198,2002-10-11 00:00:00,0.0214,0.021599999999999998,1406.44,1406.09,20040121,LFT 210104,LFT
199,2002-10-14 00:00:00,0.0214,0.021599999999999998,1407.48,1407.13,20040121,LFT 210104,LFT
200,2002-10-15 00:00:00,0.0214,0.021599999999999998,1408.66,1408.31,20040121,LFT 210104,LFT
201,2002-10-16 00:00:00,0.0214,0.021599999999999998,1409.83,1409.49,20040121,LFT 210104,LFT
202,2002-10-17 00:00:00,0.0213,0.0215,1411.19,1410.84,20040121,LFT 210104,LFT
203,2002-10-18 00:00:00,0.0213,0.0215,1412.37,1412.03,20040121,LFT 210104,LFT
204,2002-10-21 00:00:00,0.0214,0.021599999999999998,1413.38,1413.04,20040121,LFT 210104,LFT
205,2002-10-22 00:00:00,0.0213,0.0215,1414.74,1414.39,20040121,LFT 210104,LFT
206,2002-10-23 00:00:00,0.0213,0.0215,1415.92,1415.58,20040121,LFT 210104,LFT
207,2002-10-24 00:00:00,0.0213,0.0215,1417.11,1416.76,20040121,LFT 210104,LFT
208,2002-10-25 00:00:00,0.0213,0.0215,1417.23,1416.88,20040121,LFT 210104,LFT
209,2002-10-28 00:00:00,0.0212,0.0214,1419.65,1419.31,20040121,LFT 210104,LFT
210,2002-10-29 00:00:00,0.0212,0.0214,1420.84,1420.5,20040121,LFT 210104,LFT
211,2002-10-30 00:00:00,0.0211,0.0213,1422.2,1421.86,20040121,LFT 210104,LFT
212,2002-10-31 00:00:00,0.0211,0.0213,1423.39,1423.05,20040121,LFT 210104,LFT
213,2002-11-01 00:00:00,0.0211,0.0213,1424.58,1424.24,20040121,LFT 210104,LFT
214,2002-11-04 00:00:00,0.0211,0.0213,1425.77,1425.43,20040121,LFT 210104,LFT
215,2002-11-05 00:00:00,0.0211,0.0213,1426.96,1426.63,20040121,LFT 210104,LFT
216,2002-11-06 00:00:00,0.0211,0.0213,1428.16,1427.82,20040121,LFT 210104,LFT
217,2002-11-07 00:00:00,0.0211,0.0213,1429.35,1429.02,20040121,LFT 210104,LFT
218,2002-11-08 00:00:00,0.0211,0.0213,1430.54,1430.21,20040121,LFT 210104,LFT
219,2002-11-11 00:00:00,0.0211,0.0213,1431.74,1431.41,20040121,LFT 210104,LFT
220,2002-11-12 00:00:00,0.021,0.0212,1433.11,1432.77,20040121,LFT 210104,LFT
221,2002-11-13 00:00:00,0.021,0.0212,1434.3,1433.97,20040121,LFT 210104,LFT
222,2002-11-14 00:00:00,0.020900000000000002,0.0211,1435.67,1435.34,20040121,LFT 210104,LFT
223,2002-11-18 00:00:00,0.020900000000000002,0.0211,1436.87,1436.54,20040121,LFT 210104,LFT
224,2002-11-19 00:00:00,0.021,0.0212,1437.9,1437.58,20040121,LFT 210104,LFT
225,2002-11-20 00:00:00,0.0208,0.020999999999999998,1439.44,1439.11,20040121,LFT 210104,LFT
226,2002-11-21 00:00:00,0.020300000000000002,0.0205,1441.51,1441.18,20040121,LFT 210104,LFT
227,2002-11-22 00:00:00,0.0189,0.0191,1445.05,1444.72,20040121,LFT 210104,LFT
228,2002-11-25 00:00:00,0.0187,0.0189,1446.62,1446.29,20040121,LFT 210104,LFT
229,2002-11-26 00:00:00,0.0175,0.0177,1449.83,1449.5,20040121,LFT 210104,LFT
230,2002-11-27 00:00:00,0.0159,0.0161,1453.69,1453.36,20040121,LFT 210104,LFT
231,2002-11-28 00:00:00,0.0158,0.016,1455.09,1454.76,20040121,LFT 210104,LFT
232,2002-11-29 00:00:00,0.0156,0.015799999999999998,1456.74,1456.41,20040121,LFT 210104,LFT
233,2002-12-02 00:00:00,0.0155,0.0157,1458.05,1457.72,20040121,LFT 210104,LFT
234,2002-12-03 00:00:00,0.015300000000000001,0.0155,1459.61,1459.28,20040121,LFT 210104,LFT
235,2002-12-04 00:00:00,0.015300000000000001,0.0155,1460.84,1460.52,20040121,LFT 210104,LFT
236,2002-12-05 00:00:00,0.0152,0.015399999999999999,1462.24,1461.92,20040121,LFT 210104,LFT
237,2002-12-06 00:00:00,0.0152,0.015399999999999999,1463.48,1463.16,20040121,LFT 210104,LFT
238,2002-12-09 00:00:00,0.0151,0.0153,1464.88,1464.56,20040121,LFT 210104,LFT
239,2002-12-10 00:00:00,0.0151,0.0153,1466.12,1465.8,20040121,LFT 210104,LFT
240,2002-12-11 00:00:00,0.0151,0.0153,1467.36,1467.04,20040121,LFT 210104,LFT
241,2002-12-12 00:00:00,0.015,0.0152,1468.76,1468.44,20040121,LFT 210104,LFT
242,2002-12-13 00:00:00,0.0149,0.015099999999999999,1470.16,1469.84,20040121,LFT 210104,LFT
243,2002-12-16 00:00:00,0.0149,0.015099999999999999,1471.4,1471.08,20040121,LFT 210104,LFT
244,2002-12-17 00:00:00,0.0148,0.015,1472.8,1472.49,20040121,LFT 210104,LFT
245,2002-12-18 00:00:00,0.0146,0.014799999999999999,1474.36,1474.05,20040121,LFT 210104,LFT
246,2002-12-19 00:00:00,0.0145,0.0147,1475.91,1475.59,20040121,LFT 210104,LFT
247,2002-12-20 00:00:00,0.014400000000000001,0.0146,1477.45,1477.14,20040121,LFT 210104,LFT
248,2002-12-23 00:00:00,0.0143,0.014499999999999999,1479.08,1478.77,20040121,LFT 210104,LFT
249,2002-12-24 00:00:00,0.014400000000000001,0.0146,1480.23,1479.92,20040121,LFT 210104,LFT
250,2002-12-26 00:00:00,0.0143,0.014499999999999999,1481.77,1481.46,20040121,LFT 210104,LFT
251,2002-12-27 00:00:00,0.014400000000000001,0.0146,1483.01,1482.7,20040121,LFT 210104,LFT
252,2002-12-30 00:00:00,0.014400000000000001,0.0146,1484.49,1484.18,20040121,LFT 210104,LFT
253,2002-12-31 00:00:00,0.014400000000000001,0.0146,1485.8,1485.49,20040121,LFT 210104,LFT
4,2002-01-07 00:00:00,0.0028,0.0032,1258.22,1256.66,20050216,LFT 160205,LFT
5,2002-01-08 00:00:00,0.0028,0.0032,1259.11,1257.55,20050216,LFT 160205,LFT
6,2002-01-09 00:00:00,0.0028,0.0032,1259.99,1258.44,20050216,LFT 160205,LFT
7,2002-01-10 00:00:00,0.0028,0.0032,1260.88,1259.32,20050216,LFT 160205,LFT
8,2002-01-11 00:00:00,0.0028,0.0032,1261.77,1260.21,20050216,LFT 160205,LFT
9,2002-01-14 00:00:00,0.0028,0.0032,1262.65,1261.1,20050216,LFT 160205,LFT
10,2002-01-15 00:00:00,0.0028,0.0032,1263.54,1261.99,20050216,LFT 160205,LFT
11,2002-01-16 00:00:00,0.0028,0.0032,1264.43,1262.88,20050216,LFT 160205,LFT
12,2002-01-17 00:00:00,0.0028,0.0032,1265.32,1263.77,20050216,LFT 160205,LFT
13,2002-01-18 00:00:00,0.0028,0.0032,1266.21,1264.66,20050216,LFT 160205,LFT
14,2002-01-21 00:00:00,0.0028,0.0032,1267.1,1265.55,20050216,LFT 160205,LFT
15,2002-01-22 00:00:00,0.0028,0.0032,1267.99,1266.44,20050216,LFT 160205,LFT
16,2002-01-23 00:00:00,0.0028,0.0032,1268.88,1267.33,20050216,LFT 160205,LFT
17,2002-01-24 00:00:00,0.0028,0.0032,1269.78,1268.23,20050216,LFT 160205,LFT
18,2002-01-25 00:00:00,0.0028,0.0032,1270.67,1269.12,20050216,LFT 160205,LFT
19,2002-01-28 00:00:00,0.0028,0.0032,1271.56,1270.02,20050216,LFT 160205,LFT
20,2002-01-29 00:00:00,0.0028,0.0032,1272.46,1270.91,20050216,LFT 160205,LFT
21,2002-01-30 00:00:00,0.0028,0.0032,1273.35,1271.81,20050216,LFT 160205,LFT
22,2002-01-31 00:00:00,0.0028,0.0032,1274.25,1272.7,20050216,LFT 160205,LFT
23,2002-02-01 00:00:00,0.0028,0.0032,1275.14,1273.6,20050216,LFT 160205,LFT
24,2002-02-04 00:00:00,0.0028,0.0032,1276.04,1274.5,20050216,LFT 160205,LFT
25,2002-02-05 00:00:00,0.0028,0.0032,1276.94,1275.4,20050216,LFT 160205,LFT
26,2002-02-06 00:00:00,0.0028,0.0032,1277.84,1276.3,20050216,LFT 160205,LFT
27,2002-02-07 00:00:00,0.0029,0.0033,1278.35,1276.81,20050216,LFT 160205,LFT
28,2002-02-08 00:00:00,0.0031,0.0035,1278.48,1276.94,20050216,LFT 160205,LFT
29,2002-02-13 00:00:00,0.0031,0.0035,1279.38,1277.84,20050216,LFT 160205,LFT
30,2002-02-14 00:00:00,0.0031999999999999997,0.0036,1279.9,1278.37,20050216,LFT 160205,LFT
31,2002-02-15 00:00:00,0.0031999999999999997,0.0036,1280.8,1279.27,20050216,LFT 160205,LFT
32,2002-02-18 00:00:00,0.0033,0.0037,1281.32,1279.79,20050216,LFT 160205,LFT
33,2002-02-19 00:00:00,0.0031999999999999997,0.0036,1282.61,1281.08,20050216,LFT 160205,LFT
34,2002-02-20 00:00:00,0.0035,0.0039000000000000003,1282.36,1280.84,20050216,LFT 160205,LFT
35,2002-02-21 00:00:00,0.0036,0.004,1282.88,1281.35,20050216,LFT 160205,LFT
36,2002-02-22 00:00:00,0.0036999999999999997,0.0040999999999999995,1283.39,1281.86,20050216,LFT 160205,LFT
37,2002-02-25 00:00:00,0.0036999999999999997,0.0040999999999999995,1284.29,1282.76,20050216,LFT 160205,LFT
38,2002-02-26 00:00:00,0.0036999999999999997,0.0040999999999999995,1285.18,1283.66,20050216,LFT 160205,LFT
39,2002-02-27 00:00:00,0.0036999999999999997,0.0040999999999999995,1286.08,1284.56,20050216,LFT 160205,LFT
40,2002-02-28 00:00:00,0.0036999999999999997,0.0040999999999999995,1286.98,1285.46,20050216,LFT 160205,LFT
41,2002-03-01 00:00:00,0.0036999999999999997,0.0040999999999999995,1287.88,1286.36,20050216,LFT 160205,LFT
42,2002-03-04 00:00:00,0.0038,0.0042,1288.4,1286.88,20050216,LFT 160205,LFT
43,2002-03-05 00:00:00,0.0038,0.0042,1289.3,1287.78,20050216,LFT 160205,LFT
44,2002-03-06 00:00:00,0.0039000000000000003,0.0043,1289.82,1288.3,20050216,LFT 160205,LFT
45,2002-03-07 00:00:00,0.0039000000000000003,0.0043,1290.72,1289.21,20050216,LFT 160205,LFT
46,2002-03-08 00:00:00,0.0039000000000000003,0.0043,1291.62,1290.11,20050216,LFT 160205,LFT
47,2002-03-11 00:00:00,0.0039000000000000003,0.0043,1292.53,1291.01,20050216,LFT 160205,LFT
48,2002-03-12 00:00:00,0.0039000000000000003,0.0043,1293.43,1291.92,20050216,LFT 160205,LFT
49,2002-03-13 00:00:00,0.0038,0.0042,1294.71,1293.2,20050216,LFT 160205,LFT
50,2002-03-14 00:00:00,0.0038,0.0042,1295.62,1294.11,20050216,LFT 160205,LFT
51,2002-03-15 00:00:00,0.0036999999999999997,0.0040999999999999995,1296.9,1295.39,20050216,LFT 160205,LFT
52,2002-03-18 00:00:00,0.0038,0.0042,1297.43,1295.92,20050216,LFT 160205,LFT
53,2002-03-19 00:00:00,0.0038,0.0042,1298.34,1296.83,20050216,LFT 160205,LFT
54,2002-03-20 00:00:00,0.0038,0.0042,1299.24,1297.74,20050216,LFT 160205,LFT
55,2002-03-21 00:00:00,0.0036999999999999997,0.0040999999999999995,1300.52,1299.01,20050216,LFT 160205,LFT
56,2002-03-22 00:00:00,0.0036999999999999997,0.0040999999999999995,1301.42,1299.91,20050216,LFT 160205,LFT
57,2002-03-25 00:00:00,0.0036,0.004,1302.69,1301.19,20050216,LFT 160205,LFT
58,2002-03-26 00:00:00,0.0036999999999999997,0.0040999999999999995,1303.21,1301.71,20050216,LFT 160205,LFT
59,2002-03-27 00:00:00,0.0036,0.004,1304.49,1302.99,20050216,LFT 160205,LFT
60,2002-03-28 00:00:00,0.0036,0.004,1305.39,1303.89,20050216,LFT 160205,LFT
61,2002-04-01 00:00:00,0.0036,0.004,1306.29,1304.79,20050216,LFT 160205,LFT
62,2002-04-02 00:00:00,0.0038,0.0042,1306.43,1304.93,20050216,LFT 160205,LFT
63,2002-04-03 00:00:00,0.0038,0.0042,1307.33,1305.83,20050216,LFT 160205,LFT
64,2002-04-04 00:00:00,0.004,0.004399999999999999,1307.48,1305.98,20050216,LFT 160205,LFT
65,2002-04-05 00:00:00,0.004200000000000001,0.0046,1307.63,1306.13,20050216,LFT 160205,LFT
66,2002-04-08 00:00:00,0.004200000000000001,0.0046,1308.53,1307.03,20050216,LFT 160205,LFT
67,2002-04-09 00:00:00,0.0044,0.0048,1308.68,1307.19,20050216,LFT 160205,LFT
68,2002-04-10 00:00:00,0.0043,0.004699999999999999,1309.95,1308.46,20050216,LFT 160205,LFT
69,2002-04-11 00:00:00,0.0043,0.004699999999999999,1310.85,1309.36,20050216,LFT 160205,LFT
70,2002-04-12 00:00:00,0.0043,0.004699999999999999,1311.75,1310.27,20050216,LFT 160205,LFT
71,2002-04-15 00:00:00,0.006,0.0063999999999999994,1306.35,1304.88,20050216,LFT 160205,LFT
72,2002-04-16 00:00:00,0.006,0.0063999999999999994,1307.26,1305.79,20050216,LFT 160205,LFT
73,2002-04-17 00:00:00,0.006,0.0063999999999999994,1308.17,1306.69,20050216,LFT 160205,LFT
74,2002-04-18 00:00:00,0.005900000000000001,0.0063,1309.44,1307.97,20050216,LFT 160205,LFT
75,2002-04-19 00:00:00,0.005900000000000001,0.0063,1310.35,1308.88,20050216,LFT 160205,LFT
76,2002-04-22 00:00:00,0.0058000000000000005,0.0062,1311.63,1310.16,20050216,LFT 160205,LFT
77,2002-04-23 00:00:00,0.005900000000000001,0.0063,1312.17,1310.7,20050216,LFT 160205,LFT
78,2002-04-24 00:00:00,0.005900000000000001,0.0063,1313.08,1311.61,20050216,LFT 160205,LFT
79,2002-04-25 00:00:00,0.005900000000000001,0.0063,1313.99,1312.52,20050216,LFT 160205,LFT
80,2002-04-26 00:00:00,0.005900000000000001,0.0063,1314.9,1313.43,20050216,LFT 160205,LFT
81,2002-04-29 00:00:00,0.006,0.0063999999999999994,1315.44,1313.97,20050216,LFT 160205,LFT
82,2002-04-30 00:00:00,0.0063,0.006699999999999999,1315.25,1313.79,20050216,LFT 160205,LFT
83,2002-05-02 00:00:00,0.0067,0.0070999999999999995,1314.69,1313.23,20050216,LFT 160205,LFT
84,2002-05-03 00:00:00,0.006900000000000001,0.0073,1314.87,1313.42,20050216,LFT 160205,LFT
85,2002-05-06 00:00:00,0.0075,0.0079,1313.61,1312.15,20050216,LFT 160205,LFT
86,2002-05-07 00:00:00,0.0074,0.0078,1314.89,1313.43,20050216,LFT 160205,LFT
87,2002-05-08 00:00:00,0.0067,0.0070999999999999995,1318.35,1316.89,20050216,LFT 160205,LFT
88,2002-05-09 00:00:00,0.0071,0.0075,1317.8,1316.35,20050216,LFT 160205,LFT
89,2002-05-10 00:00:00,0.0071,0.0075,1318.72,1317.27,20050216,LFT 160205,LFT
90,2002-05-13 00:00:00,0.007200000000000001,0.0076,1319.28,1317.83,20050216,LFT 160205,LFT
91,2002-05-14 00:00:00,0.0086,0.009000000000000001,1315.14,1313.7,20050216,LFT 160205,LFT
92,2002-05-15 00:00:00,0.009399999999999999,0.0098,1313.19,1311.75,20050216,LFT 160205,LFT
93,2002-05-16 00:00:00,0.009399999999999999,0.0098,1315,1313.56,20050216,LFT 160205,LFT
94,2002-05-17 00:00:00,0.0093,0.0097,1315.41,1313.97,20050216,LFT 160205,LFT
95,2002-05-20 00:00:00,0.009399999999999999,0.0098,1315.98,1314.55,20050216,LFT 160205,LFT
96,2002-05-21 00:00:00,0.009399999999999999,0.0098,1316.91,1315.48,20050216,LFT 160205,LFT
97,2002-05-22 00:00:00,0.009399999999999999,0.0098,1317.84,1316.41,20050216,LFT 160205,LFT
98,2002-05-23 00:00:00,0.009399999999999999,0.0098,1318.77,1317.34,20050216,LFT 160205,LFT
99,2002-05-24 00:00:00,0.0096,0.01,1318.99,1317.57,20050216,LFT 160205,LFT
100,2002-05-27 00:00:00,0.0103,0.010700000000000001,1317.43,1316.01,20050216,LFT 160205,LFT
101,2002-05-28 00:00:00,0.011,0.0114,1315.88,1314.46,20050216,LFT 160205,LFT
102,2002-05-29 00:00:00,0.011,0.0114,1316.82,1315.41,20050216,LFT 160205,LFT
103,2002-05-31 00:00:00,0.0141,0.0145,1306.84,1305.44,20050216,LFT 160205,LFT
104,2002-06-03 00:00:00,0.0141,0.0145,1307.78,1306.38,20050216,LFT 160205,LFT
105,2002-06-04 00:00:00,0.014499999999999999,0.0149,1307.28,1305.88,20050216,LFT 160205,LFT
106,2002-06-05 00:00:00,0.015600000000000001,0.016,1304.29,1302.9,20050216,LFT 160205,LFT
107,2002-06-06 00:00:00,0.015,0.0154,1307.26,1305.87,20050216,LFT 160205,LFT
108,2002-06-07 00:00:00,0.0149,0.015300000000000001,1308.55,1307.16,20050216,LFT 160205,LFT
109,2002-06-10 00:00:00,0.0147,0.0151,1310.19,1308.8,20050216,LFT 160205,LFT
110,2002-06-11 00:00:00,0.0147,0.0151,1311.14,1309.75,20050216,LFT 160205,LFT
111,2002-06-12 00:00:00,0.014799999999999999,0.0152,1311.74,1310.36,20050216,LFT 160205,LFT
112,2002-06-13 00:00:00,0.015600000000000001,0.016,1309.92,1308.54,20050216,LFT 160205,LFT
113,2002-06-14 00:00:00,0.016,0.016399999999999998,1309.5,1308.12,20050216,LFT 160205,LFT
114,2002-06-17 00:00:00,0.0184,0.018799999999999997,1302.21,1300.85,20050216,LFT 160205,LFT
115,2002-06-18 00:00:00,0.0143,0.014700000000000001,1317.3,1315.91,20050216,LFT 160205,LFT
116,2002-06-19 00:00:00,0.013,0.0134,1322.77,1321.38,20050216,LFT 160205,LFT
117,2002-06-20 00:00:00,0.0143,0.014700000000000001,1319.21,1317.83,20050216,LFT 160205,LFT
118,2002-06-21 00:00:00,0.0143,0.014700000000000001,1320.17,1318.79,20050216,LFT 160205,LFT
119,2002-06-24 00:00:00,0.014199999999999999,0.0146,1321.48,1320.09,20050216,LFT 160205,LFT
120,2002-06-25 00:00:00,0.0147,0.0151,1320.71,1319.33,20050216,LFT 160205,LFT
121,2002-06-26 00:00:00,0.014799999999999999,0.0152,1321.33,1319.95,20050216,LFT 160205,LFT
122,2002-06-27 00:00:00,0.0149,0.015300000000000001,1321.95,1320.57,20050216,LFT 160205,LFT
123,2002-06-28 00:00:00,0.0149,0.015300000000000001,1322.91,1321.54,20050216,LFT 160205,LFT
124,2002-07-01 00:00:00,0.015,0.0154,1323.53,1322.16,20050216,LFT 160205,LFT
125,2002-07-02 00:00:00,0.015,0.0154,1324.5,1323.13,20050216,LFT 160205,LFT
126,2002-07-03 00:00:00,0.015,0.0154,1325.47,1324.1,20050216,LFT 160205,LFT
127,2002-07-04 00:00:00,0.015,0.0154,1326.43,1325.06,20050216,LFT 160205,LFT
128,2002-07-05 00:00:00,0.015,0.0154,1327.4,1326.03,20050216,LFT 160205,LFT
129,2002-07-08 00:00:00,0.015,0.0154,1328.37,1327,20050216,LFT 160205,LFT
130,2002-07-09 00:00:00,0.015,0.0154,1329.34,1327.97,20050216,LFT 160205,LFT
131,2002-07-10 00:00:00,0.015,0.0154,1330.31,1328.94,20050216,LFT 160205,LFT
132,2002-07-11 00:00:00,0.015,0.0154,1331.28,1329.91,20050216,LFT 160205,LFT
133,2002-07-12 00:00:00,0.015,0.0154,1332.25,1330.89,20050216,LFT 160205,LFT
134,2002-07-15 00:00:00,0.015,0.0154,1333.22,1331.86,20050216,LFT 160205,LFT
135,2002-07-16 00:00:00,0.0187,0.0191,1321.67,1320.33,20050216,LFT 160205,LFT
136,2002-07-17 00:00:00,0.0187,0.0191,1322.66,1321.31,20050216,LFT 160205,LFT
137,2002-07-18 00:00:00,0.018600000000000002,0.019,1323.95,1322.61,20050216,LFT 160205,LFT
138,2002-07-19 00:00:00,0.018500000000000003,0.0189,1325.25,1323.91,20050216,LFT 160205,LFT
139,2002-07-22 00:00:00,0.0181,0.0185,1327.56,1326.21,20050216,LFT 160205,LFT
140,2002-07-23 00:00:00,0.0181,0.0185,1328.52,1327.18,20050216,LFT 160205,LFT
141,2002-07-24 00:00:00,0.0181,0.0185,1329.48,1328.14,20050216,LFT 160205,LFT
142,2002-07-25 00:00:00,0.0182,0.0186,1330.11,1328.77,20050216,LFT 160205,LFT
143,2002-07-26 00:00:00,0.0187,0.0191,1329.4,1328.06,20050216,LFT 160205,LFT
144,2002-07-29 00:00:00,0.0193,0.0197,1328.36,1327.03,20050216,LFT 160205,LFT
145,2002-07-30 00:00:00,0.0193,0.0197,1329.33,1328,20050216,LFT 160205,LFT
146,2002-07-31 00:00:00,0.019600000000000003,0.02,1329.3,1327.97,20050216,LFT 160205,LFT
147,2002-08-01 00:00:00,0.019600000000000003,0.02,1330.27,1328.95,20050216,LFT 160205,LFT
148,2002-08-02 00:00:00,0.019700000000000002,0.0201,1330.91,1329.58,20050216,LFT 160205,LFT
149,2002-08-05 00:00:00,0.019600000000000003,0.02,1332.21,1330.89,20050216,LFT 160205,LFT
150,2002-08-06 00:00:00,0.0218,0.022199999999999998,1325.93,1324.61,20050216,LFT 160205,LFT
151,2002-08-07 00:00:00,0.0217,0.022099999999999998,1327.24,1325.92,20050216,LFT 160205,LFT
152,2002-08-08 00:00:00,0.0217,0.022099999999999998,1328.21,1326.9,20050216,LFT 160205,LFT
153,2002-08-09 00:00:00,0.0216,0.022,1329.52,1328.21,20050216,LFT 160205,LFT
154,2002-08-12 00:00:00,0.0251,0.0255,1319.1,1317.81,20050216,LFT 160205,LFT
155,2002-08-13 00:00:00,0.0257,0.026099999999999998,1318.15,1316.86,20050216,LFT 160205,LFT
156,2002-08-14 00:00:00,0.026500000000000003,0.0269,1316.56,1315.28,20050216,LFT 160205,LFT
157,2002-08-15 00:00:00,0.0269,0.027299999999999998,1316.28,1314.99,20050216,LFT 160205,LFT
158,2002-08-16 00:00:00,0.0262,0.0266,1319.52,1318.24,20050216,LFT 160205,LFT
159,2002-08-19 00:00:00,0.0253,0.025699999999999997,1323.41,1322.12,20050216,LFT 160205,LFT
160,2002-08-20 00:00:00,0.025,0.0254,1325.37,1324.08,20050216,LFT 160205,LFT
161,2002-08-21 00:00:00,0.0251,0.0255,1326.04,1324.76,20050216,LFT 160205,LFT
162,2002-08-22 00:00:00,0.024200000000000003,0.0246,1329.94,1328.65,20050216,LFT 160205,LFT
163,2002-08-23 00:00:00,0.024200000000000003,0.0246,1330.93,1329.64,20050216,LFT 160205,LFT
164,2002-08-26 00:00:00,0.024,0.024399999999999998,1332.57,1331.28,20050216,LFT 160205,LFT
165,2002-08-27 00:00:00,0.0235,0.023899999999999998,1335.17,1333.88,20050216,LFT 160205,LFT
166,2002-08-28 00:00:00,0.0229,0.023299999999999998,1338.1,1336.81,20050216,LFT 160205,LFT
167,2002-08-29 00:00:00,0.0224,0.022799999999999997,1340.7,1339.41,20050216,LFT 160205,LFT
168,2002-08-30 00:00:00,0.022000000000000002,0.0224,1342.99,1341.69,20050216,LFT 160205,LFT
169,2002-09-02 00:00:00,0.0212,0.021599999999999998,1346.56,1345.27,20050216,LFT 160205,LFT
170,2002-09-03 00:00:00,0.0212,0.021599999999999998,1347.56,1346.26,20050216,LFT 160205,LFT
171,2002-09-04 00:00:00,0.021,0.0214,1349.19,1347.9,20050216,LFT 160205,LFT
172,2002-09-05 00:00:00,0.020900000000000002,0.0213,1350.51,1349.22,20050216,LFT 160205,LFT
173,2002-09-06 00:00:00,0.020900000000000002,0.0213,1351.5,1350.21,20050216,LFT 160205,LFT
174,2002-09-09 00:00:00,0.020900000000000002,0.0213,1352.5,1351.21,20050216,LFT 160205,LFT
175,2002-09-10 00:00:00,0.020800000000000003,0.0212,1353.81,1352.53,20050216,LFT 160205,LFT
176,2002-09-11 00:00:00,0.020800000000000003,0.0212,1354.81,1353.52,20050216,LFT 160205,LFT
177,2002-09-12 00:00:00,0.020800000000000003,0.0212,1355.81,1354.52,20050216,LFT 160205,LFT
178,2002-09-13 00:00:00,0.020800000000000003,0.0212,1356.8,1355.52,20050216,LFT 160205,LFT
179,2002-09-16 00:00:00,0.0207,0.021099999999999997,1358.12,1356.84,20050216,LFT 160205,LFT
180,2002-09-17 00:00:00,0.020800000000000003,0.0212,1358.8,1357.52,20050216,LFT 160205,LFT
181,2002-09-18 00:00:00,0.0207,0.021099999999999997,1360.12,1358.84,20050216,LFT 160205,LFT
182,2002-09-19 00:00:00,0.020800000000000003,0.0212,1360.8,1359.52,20050216,LFT 160205,LFT
183,2002-09-20 00:00:00,0.020800000000000003,0.0212,1361.8,1360.52,20050216,LFT 160205,LFT
184,2002-09-23 00:00:00,0.020900000000000002,0.0213,1362.48,1361.2,20050216,LFT 160205,LFT
185,2002-09-24 00:00:00,0.020900000000000002,0.0213,1363.48,1362.21,20050216,LFT 160205,LFT
186,2002-09-25 00:00:00,0.021,0.0214,1364.17,1362.89,20050216,LFT 160205,LFT
187,2002-09-26 00:00:00,0.0211,0.0215,1364.85,1363.58,20050216,LFT 160205,LFT
188,2002-09-27 00:00:00,0.0211,0.0215,1365.86,1364.59,20050216,LFT 160205,LFT
189,2002-09-30 00:00:00,0.0212,0.021599999999999998,1366.55,1365.28,20050216,LFT 160205,LFT
190,2002-10-01 00:00:00,0.0213,0.021699999999999997,1367.24,1365.97,20050216,LFT 160205,LFT
191,2002-10-02 00:00:00,0.0213,0.021699999999999997,1368.24,1366.98,20050216,LFT 160205,LFT
192,2002-10-03 00:00:00,0.0213,0.021699999999999997,1369.25,1367.99,20050216,LFT 160205,LFT
193,2002-10-04 00:00:00,0.0213,0.021699999999999997,1370.26,1369,20050216,LFT 160205,LFT
194,2002-10-07 00:00:00,0.021400000000000002,0.0218,1370.96,1369.69,20050216,LFT 160205,LFT
195,2002-10-08 00:00:00,0.021400000000000002,0.0218,1371.97,1370.7,20050216,LFT 160205,LFT
196,2002-10-09 00:00:00,0.021400000000000002,0.0218,1372.98,1371.72,20050216,LFT 160205,LFT
197,2002-10-10 00:00:00,0.021400000000000002,0.0218,1373.99,1372.73,20050216,LFT 160205,LFT
198,2002-10-11 00:00:00,0.021400000000000002,0.0218,1375.01,1373.75,20050216,LFT 160205,LFT
199,2002-10-14 00:00:00,0.021400000000000002,0.0218,1376.02,1374.76,20050216,LFT 160205,LFT
200,2002-10-15 00:00:00,0.021400000000000002,0.0218,1377.17,1375.92,20050216,LFT 160205,LFT
201,2002-10-16 00:00:00,0.021400000000000002,0.0218,1378.33,1377.07,20050216,LFT 160205,LFT
202,2002-10-17 00:00:00,0.021400000000000002,0.0218,1379.48,1378.23,20050216,LFT 160205,LFT
203,2002-10-18 00:00:00,0.021400000000000002,0.0218,1380.64,1379.38,20050216,LFT 160205,LFT
204,2002-10-21 00:00:00,0.021400000000000002,0.0218,1381.79,1380.54,20050216,LFT 160205,LFT
205,2002-10-22 00:00:00,0.021400000000000002,0.0218,1382.95,1381.7,20050216,LFT 160205,LFT
206,2002-10-23 00:00:00,0.021400000000000002,0.0218,1384.11,1382.86,20050216,LFT 160205,LFT
207,2002-10-24 00:00:00,0.021400000000000002,0.0218,1385.27,1384.02,20050216,LFT 160205,LFT
208,2002-10-25 00:00:00,0.021400000000000002,0.0218,1385.38,1384.14,20050216,LFT 160205,LFT
209,2002-10-28 00:00:00,0.021400000000000002,0.0218,1387.59,1386.34,20050216,LFT 160205,LFT
210,2002-10-29 00:00:00,0.021400000000000002,0.0218,1388.75,1387.51,20050216,LFT 160205,LFT
211,2002-10-30 00:00:00,0.021400000000000002,0.0218,1389.91,1388.67,20050216,LFT 160205,LFT
212,2002-10-31 00:00:00,0.021400000000000002,0.0218,1391.08,1389.83,20050216,LFT 160205,LFT
213,2002-11-01 00:00:00,0.0213,0.021699999999999997,1392.55,1391.31,20050216,LFT 160205,LFT
214,2002-11-04 00:00:00,0.0213,0.021699999999999997,1393.72,1392.48,20050216,LFT 160205,LFT
215,2002-11-05 00:00:00,0.021400000000000002,0.0218,1394.58,1393.34,20050216,LFT 160205,LFT
216,2002-11-06 00:00:00,0.021400000000000002,0.0218,1395.74,1394.5,20050216,LFT 160205,LFT
217,2002-11-07 00:00:00,0.021400000000000002,0.0218,1396.91,1395.67,20050216,LFT 160205,LFT
218,2002-11-08 00:00:00,0.021400000000000002,0.0218,1398.08,1396.85,20050216,LFT 160205,LFT
219,2002-11-11 00:00:00,0.0213,0.021699999999999997,1399.56,1398.33,20050216,LFT 160205,LFT
220,2002-11-12 00:00:00,0.0213,0.021699999999999997,1400.74,1399.5,20050216,LFT 160205,LFT
221,2002-11-13 00:00:00,0.0213,0.021699999999999997,1401.91,1400.67,20050216,LFT 160205,LFT
222,2002-11-14 00:00:00,0.0213,0.021699999999999997,1403.08,1401.85,20050216,LFT 160205,LFT
223,2002-11-18 00:00:00,0.0212,0.021599999999999998,1404.56,1403.33,20050216,LFT 160205,LFT
224,2002-11-19 00:00:00,0.0212,0.021599999999999998,1405.74,1404.51,20050216,LFT 160205,LFT
225,2002-11-20 00:00:00,0.021,0.0214,1407.53,1406.3,20050216,LFT 160205,LFT
226,2002-11-21 00:00:00,0.02,0.020399999999999998,1411.84,1410.6,20050216,LFT 160205,LFT
227,2002-11-22 00:00:00,0.0198,0.0202,1413.67,1412.44,20050216,LFT 160205,LFT
228,2002-11-25 00:00:00,0.0194,0.019799999999999998,1416.13,1414.9,20050216,LFT 160205,LFT
229,2002-11-26 00:00:00,0.019,0.019399999999999997,1418.59,1417.35,20050216,LFT 160205,LFT
230,2002-11-27 00:00:00,0.0183,0.018699999999999998,1421.97,1420.73,20050216,LFT 160205,LFT
231,2002-11-28 00:00:00,0.0183,0.018699999999999998,1423.19,1421.95,20050216,LFT 160205,LFT
232,2002-11-29 00:00:00,0.0182,0.0186,1424.82,1423.59,20050216,LFT 160205,LFT
233,2002-12-02 00:00:00,0.0182,0.0186,1425.94,1424.71,20050216,LFT 160205,LFT
234,2002-12-03 00:00:00,0.017900000000000003,0.0183,1428.09,1426.86,20050216,LFT 160205,LFT
235,2002-12-04 00:00:00,0.0178,0.018199999999999997,1429.62,1428.39,20050216,LFT 160205,LFT
236,2002-12-05 00:00:00,0.0177,0.018099999999999998,1431.15,1429.92,20050216,LFT 160205,LFT
237,2002-12-06 00:00:00,0.0176,0.018,1432.69,1431.45,20050216,LFT 160205,LFT
238,2002-12-09 00:00:00,0.0175,0.0179,1434.22,1432.99,20050216,LFT 160205,LFT
239,2002-12-10 00:00:00,0.0176,0.018,1435.14,1433.91,20050216,LFT 160205,LFT
240,2002-12-11 00:00:00,0.017300000000000003,0.0177,1437.29,1436.06,20050216,LFT 160205,LFT
241,2002-12-12 00:00:00,0.017300000000000003,0.0177,1438.51,1437.29,20050216,LFT 160205,LFT
242,2002-12-13 00:00:00,0.017300000000000003,0.0177,1439.74,1438.52,20050216,LFT 160205,LFT
243,2002-12-16 00:00:00,0.017300000000000003,0.0177,1440.97,1439.75,20050216,LFT 160205,LFT
244,2002-12-17 00:00:00,0.017300000000000003,0.0177,1442.2,1440.98,20050216,LFT 160205,LFT
245,2002-12-18 00:00:00,0.0172,0.017599999999999998,1443.74,1442.52,20050216,LFT 160205,LFT
246,2002-12-19 00:00:00,0.0172,0.017599999999999998,1445.11,1443.89,20050216,LFT 160205,LFT
247,2002-12-20 00:00:00,0.0172,0.017599999999999998,1446.49,1445.27,20050216,LFT 160205,LFT
248,2002-12-23 00:00:00,0.0172,0.017599999999999998,1447.96,1446.74,20050216,LFT 160205,LFT
249,2002-12-24 00:00:00,0.0172,0.017599999999999998,1449.24,1448.02,20050216,LFT 160205,LFT
250,2002-12-26 00:00:00,0.0172,0.017599999999999998,1450.62,1449.4,20050216,LFT 160205,LFT
251,2002-12-27 00:00:00,0.0172,0.017599999999999998,1451.99,1450.78,20050216,LFT 160205,LFT
252,2002-12-30 00:00:00,0.017300000000000003,0.0177,1453.17,1451.96,20050216,LFT 160205,LFT
253,2002-12-31 00:00:00,0.017300000000000003,0.0177,1454.45,1453.24,20050216,LFT 160205,LFT
4,2002-01-07 00:00:00,0.0031999999999999997,0.0036,1252.96,1250.94,20060118,LFT 180106,LFT
5,2002-01-08 00:00:00,0.0031,0.0035,1254.34,1252.33,20060118,LFT 180106,LFT
6,2002-01-09 00:00:00,0.0031,0.0035,1255.23,1253.21,20060118,LFT 180106,LFT
7,2002-01-10 00:00:00,0.0031999999999999997,0.0036,1255.61,1253.6,20060118,LFT 180106,LFT
8,2002-01-11 00:00:00,0.0031999999999999997,0.0036,1256.49,1254.48,20060118,LFT 180106,LFT
9,2002-01-14 00:00:00,0.0031999999999999997,0.0036,1257.38,1255.37,20060118,LFT 180106,LFT
10,2002-01-15 00:00:00,0.0031999999999999997,0.0036,1258.27,1256.25,20060118,LFT 180106,LFT
11,2002-01-16 00:00:00,0.0031999999999999997,0.0036,1259.15,1257.14,20060118,LFT 180106,LFT
12,2002-01-17 00:00:00,0.0031999999999999997,0.0036,1260.04,1258.03,20060118,LFT 180106,LFT
13,2002-01-18 00:00:00,0.0031999999999999997,0.0036,1260.93,1258.92,20060118,LFT 180106,LFT
14,2002-01-21 00:00:00,0.0031999999999999997,0.0036,1261.82,1259.81,20060118,LFT 180106,LFT
15,2002-01-22 00:00:00,0.0031999999999999997,0.0036,1262.71,1260.7,20060118,LFT 180106,LFT
16,2002-01-23 00:00:00,0.0031999999999999997,0.0036,1263.6,1261.59,20060118,LFT 180106,LFT
17,2002-01-24 00:00:00,0.0031999999999999997,0.0036,1264.49,1262.48,20060118,LFT 180106,LFT
18,2002-01-25 00:00:00,0.0031999999999999997,0.0036,1265.38,1263.37,20060118,LFT 180106,LFT
19,2002-01-28 00:00:00,0.0031999999999999997,0.0036,1266.27,1264.27,20060118,LFT 180106,LFT
20,2002-01-29 00:00:00,0.0031999999999999997,0.0036,1267.16,1265.16,20060118,LFT 180106,LFT
21,2002-01-30 00:00:00,0.0031999999999999997,0.0036,1268.06,1266.05,20060118,LFT 180106,LFT
22,2002-01-31 00:00:00,0.0031999999999999997,0.0036,1268.95,1266.95,20060118,LFT 180106,LFT
23,2002-02-01 00:00:00,0.0031999999999999997,0.0036,1269.84,1267.84,20060118,LFT 180106,LFT
24,2002-02-04 00:00:00,0.0031999999999999997,0.0036,1270.74,1268.74,20060118,LFT 180106,LFT
25,2002-02-05 00:00:00,0.0034,0.0038,1270.63,1268.63,20060118,LFT 180106,LFT
26,2002-02-06 00:00:00,0.0036,0.004,1270.53,1268.53,20060118,LFT 180106,LFT
27,2002-02-07 00:00:00,0.0036999999999999997,0.0040999999999999995,1270.93,1268.93,20060118,LFT 180106,LFT
28,2002-02-08 00:00:00,0.0036999999999999997,0.0040999999999999995,1271.83,1269.83,20060118,LFT 180106,LFT
29,2002-02-13 00:00:00,0.0038,0.0042,1272.23,1270.23,20060118,LFT 180106,LFT
30,2002-02-14 00:00:00,0.0038,0.0042,1273.13,1271.13,20060118,LFT 180106,LFT
31,2002-02-15 00:00:00,0.0039000000000000003,0.0043,1273.53,1271.54,20060118,LFT 180106,LFT
32,2002-02-18 00:00:00,0.0039000000000000003,0.0043,1274.43,1272.44,20060118,LFT 180106,LFT
33,2002-02-19 00:00:00,0.0039000000000000003,0.0043,1275.33,1273.34,20060118,LFT 180106,LFT
34,2002-02-20 00:00:00,0.004,0.004399999999999999,1275.74,1273.75,20060118,LFT 180106,LFT
35,2002-02-21 00:00:00,0.004,0.004399999999999999,1276.63,1274.64,20060118,LFT 180106,LFT
36,2002-02-22 00:00:00,0.0041,0.0045,1277.02,1275.04,20060118,LFT 180106,LFT
37,2002-02-25 00:00:00,0.0041,0.0045,1277.92,1275.93,20060118,LFT 180106,LFT
38,2002-02-26 00:00:00,0.0041,0.0045,1278.81,1276.83,20060118,LFT 180106,LFT
39,2002-02-27 00:00:00,0.0041,0.0045,1279.71,1277.72,20060118,LFT 180106,LFT
40,2002-02-28 00:00:00,0.004,0.004399999999999999,1281.1,1279.12,20060118,LFT 180106,LFT
41,2002-03-01 00:00:00,0.0041,0.0045,1281.5,1279.52,20060118,LFT 180106,LFT
42,2002-03-04 00:00:00,0.004,0.004399999999999999,1282.89,1280.91,20060118,LFT 180106,LFT
43,2002-03-05 00:00:00,0.004,0.004399999999999999,1283.79,1281.81,20060118,LFT 180106,LFT
44,2002-03-06 00:00:00,0.0046,0.005,1281.72,1279.74,20060118,LFT 180106,LFT
45,2002-03-07 00:00:00,0.0045000000000000005,0.0049,1283.11,1281.14,20060118,LFT 180106,LFT
46,2002-03-08 00:00:00,0.0045000000000000005,0.0049,1284.01,1282.04,20060118,LFT 180106,LFT
47,2002-03-11 00:00:00,0.0045000000000000005,0.0049,1284.91,1282.94,20060118,LFT 180106,LFT
48,2002-03-12 00:00:00,0.0046,0.005,1285.32,1283.35,20060118,LFT 180106,LFT
49,2002-03-13 00:00:00,0.0041,0.0045,1288.7,1286.72,20060118,LFT 180106,LFT
50,2002-03-14 00:00:00,0.004,0.004399999999999999,1290.09,1288.11,20060118,LFT 180106,LFT
51,2002-03-15 00:00:00,0.004,0.004399999999999999,1291,1289.02,20060118,LFT 180106,LFT
52,2002-03-18 00:00:00,0.004,0.004399999999999999,1291.9,1289.92,20060118,LFT 180106,LFT
53,2002-03-19 00:00:00,0.0039000000000000003,0.0043,1293.3,1291.32,20060118,LFT 180106,LFT
54,2002-03-20 00:00:00,0.0039000000000000003,0.0043,1294.2,1292.22,20060118,LFT 180106,LFT
55,2002-03-21 00:00:00,0.0039000000000000003,0.0043,1295.1,1293.12,20060118,LFT 180106,LFT
56,2002-03-22 00:00:00,0.0039000000000000003,0.0043,1295.99,1294.02,20060118,LFT 180106,LFT
57,2002-03-25 00:00:00,0.0039000000000000003,0.0043,1296.89,1294.91,20060118,LFT 180106,LFT
58,2002-03-26 00:00:00,0.0039000000000000003,0.0043,1297.78,1295.81,20060118,LFT 180106,LFT
59,2002-03-27 00:00:00,0.0039000000000000003,0.0043,1298.68,1296.7,20060118,LFT 180106,LFT
60,2002-03-28 00:00:00,0.004,0.004399999999999999,1299.08,1297.11,20060118,LFT 180106,LFT
61,2002-04-01 00:00:00,0.004200000000000001,0.0046,1298.99,1297.02,20060118,LFT 180106,LFT
62,2002-04-02 00:00:00,0.004200000000000001,0.0046,1299.89,1297.92,20060118,LFT 180106,LFT
63,2002-04-03 00:00:00,0.004200000000000001,0.0046,1300.78,1298.81,20060118,LFT 180106,LFT
64,2002-04-04 00:00:00,0.004200000000000001,0.0046,1301.68,1299.71,20060118,LFT 180106,LFT
65,2002-04-05 00:00:00,0.0044,0.0048,1301.59,1299.62,20060118,LFT 180106,LFT
66,2002-04-08 00:00:00,0.0044,0.0048,1302.48,1300.52,20060118,LFT 180106,LFT
67,2002-04-09 00:00:00,0.0058000000000000005,0.0062,1296.52,1294.57,20060118,LFT 180106,LFT
68,2002-04-10 00:00:00,0.0058000000000000005,0.0062,1297.42,1295.47,20060118,LFT 180106,LFT
69,2002-04-11 00:00:00,0.0058000000000000005,0.0062,1298.32,1296.37,20060118,LFT 180106,LFT
70,2002-04-12 00:00:00,0.005900000000000001,0.0063,1298.73,1296.79,20060118,LFT 180106,LFT
71,2002-04-15 00:00:00,0.006,0.0063999999999999994,1299.15,1297.2,20060118,LFT 180106,LFT
72,2002-04-16 00:00:00,0.006,0.0063999999999999994,1300.05,1298.1,20060118,LFT 180106,LFT
73,2002-04-17 00:00:00,0.005900000000000001,0.0063,1301.44,1299.49,20060118,LFT 180106,LFT
74,2002-04-18 00:00:00,0.005900000000000001,0.0063,1302.34,1300.4,20060118,LFT 180106,LFT
75,2002-04-19 00:00:00,0.005900000000000001,0.0063,1303.25,1301.3,20060118,LFT 180106,LFT
76,2002-04-22 00:00:00,0.0058000000000000005,0.0062,1304.64,1302.69,20060118,LFT 180106,LFT
77,2002-04-23 00:00:00,0.005900000000000001,0.0063,1305.05,1303.11,20060118,LFT 180106,LFT
78,2002-04-24 00:00:00,0.005900000000000001,0.0063,1305.96,1304.01,20060118,LFT 180106,LFT
79,2002-04-25 00:00:00,0.006,0.0063999999999999994,1306.37,1304.43,20060118,LFT 180106,LFT
80,2002-04-26 00:00:00,0.006,0.0063999999999999994,1307.28,1305.34,20060118,LFT 180106,LFT
81,2002-04-29 00:00:00,0.005900000000000001,0.0063,1308.67,1306.73,20060118,LFT 180106,LFT
82,2002-04-30 00:00:00,0.0066,0.006999999999999999,1306.18,1304.25,20060118,LFT 180106,LFT
83,2002-05-02 00:00:00,0.007,0.0073999999999999995,1305.15,1303.22,20060118,LFT 180106,LFT
84,2002-05-03 00:00:00,0.0078000000000000005,0.0082,1302.21,1300.29,20060118,LFT 180106,LFT
85,2002-05-06 00:00:00,0.0084,0.0088,1300.24,1298.33,20060118,LFT 180106,LFT
86,2002-05-07 00:00:00,0.0089,0.009300000000000001,1298.76,1296.85,20060118,LFT 180106,LFT
87,2002-05-08 00:00:00,0.007200000000000001,0.0076,1307.82,1305.9,20060118,LFT 180106,LFT
88,2002-05-09 00:00:00,0.0078000000000000005,0.0082,1305.85,1303.93,20060118,LFT 180106,LFT
89,2002-05-10 00:00:00,0.007700000000000001,0.008100000000000001,1307.24,1305.32,20060118,LFT 180106,LFT
90,2002-05-13 00:00:00,0.0078000000000000005,0.0082,1307.68,1305.76,20060118,LFT 180106,LFT
91,2002-05-14 00:00:00,0.0092,0.009600000000000001,1301.91,1300,20060118,LFT 180106,LFT
92,2002-05-15 00:00:00,0.0098,0.0102,1299.98,1298.08,20060118,LFT 180106,LFT
93,2002-05-16 00:00:00,0.0098,0.0102,1301.77,1299.88,20060118,LFT 180106,LFT
94,2002-05-17 00:00:00,0.009899999999999999,0.0103,1301.35,1299.45,20060118,LFT 180106,LFT
95,2002-05-20 00:00:00,0.0098,0.0102,1302.75,1300.85,20060118,LFT 180106,LFT
96,2002-05-21 00:00:00,0.0098,0.0102,1303.67,1301.78,20060118,LFT 180106,LFT
97,2002-05-22 00:00:00,0.0098,0.0102,1304.59,1302.7,20060118,LFT 180106,LFT
98,2002-05-23 00:00:00,0.0098,0.0102,1305.52,1303.63,20060118,LFT 180106,LFT
99,2002-05-24 00:00:00,0.0101,0.0105,1305.03,1303.14,20060118,LFT 180106,LFT
100,2002-05-27 00:00:00,0.0103,0.010700000000000001,1305.01,1303.12,20060118,LFT 180106,LFT
101,2002-05-28 00:00:00,0.0107,0.0111,1304.05,1302.17,20060118,LFT 180106,LFT
102,2002-05-29 00:00:00,0.011,0.0114,1303.57,1301.69,20060118,LFT 180106,LFT
103,2002-05-31 00:00:00,0.0147,0.0151,1287.25,1285.41,20060118,LFT 180106,LFT
104,2002-06-03 00:00:00,0.015099999999999999,0.0155,1286.33,1284.49,20060118,LFT 180106,LFT
105,2002-06-04 00:00:00,0.015099999999999999,0.0155,1287.23,1285.38,20060118,LFT 180106,LFT
106,2002-06-05 00:00:00,0.015600000000000001,0.016,1285.75,1283.92,20060118,LFT 180106,LFT
107,2002-06-06 00:00:00,0.015499999999999998,0.015899999999999997,1287.09,1285.25,20060118,LFT 180106,LFT
108,2002-06-07 00:00:00,0.015600000000000001,0.016,1287.55,1285.72,20060118,LFT 180106,LFT
109,2002-06-10 00:00:00,0.015700000000000002,0.0161,1288.03,1286.2,20060118,LFT 180106,LFT
110,2002-06-11 00:00:00,0.015700000000000002,0.0161,1288.97,1287.14,20060118,LFT 180106,LFT
111,2002-06-12 00:00:00,0.0159,0.0163,1288.99,1287.16,20060118,LFT 180106,LFT
112,2002-06-13 00:00:00,0.0158,0.0162,1290.39,1288.56,20060118,LFT 180106,LFT
113,2002-06-14 00:00:00,0.0165,0.0169,1288.13,1286.31,20060118,LFT 180106,LFT
114,2002-06-17 00:00:00,0.0193,0.0197,1276.38,1274.58,20060118,LFT 180106,LFT
115,2002-06-18 00:00:00,0.0146,0.015,1298.73,1296.9,20060118,LFT 180106,LFT
116,2002-06-19 00:00:00,0.013699999999999999,0.0141,1303.83,1301.98,20060118,LFT 180106,LFT
117,2002-06-20 00:00:00,0.014799999999999999,0.0152,1299.71,1297.87,20060118,LFT 180106,LFT
118,2002-06-21 00:00:00,0.0147,0.0151,1301.11,1299.28,20060118,LFT 180106,LFT
119,2002-06-24 00:00:00,0.0147,0.0151,1302.06,1300.23,20060118,LFT 180106,LFT
120,2002-06-25 00:00:00,0.0149,0.015300000000000001,1302.09,1300.26,20060118,LFT 180106,LFT
121,2002-06-26 00:00:00,0.015399999999999999,0.015799999999999998,1300.75,1298.92,20060118,LFT 180106,LFT
122,2002-06-27 00:00:00,0.015399999999999999,0.015799999999999998,1301.7,1299.88,20060118,LFT 180106,LFT
123,2002-06-28 00:00:00,0.0158,0.0162,1300.83,1299.01,20060118,LFT 180106,LFT
124,2002-07-01 00:00:00,0.0158,0.0162,1301.78,1299.96,20060118,LFT 180106,LFT
125,2002-07-02 00:00:00,0.0159,0.0163,1302.28,1300.46,20060118,LFT 180106,LFT
126,2002-07-03 00:00:00,0.016,0.016399999999999998,1302.78,1300.96,20060118,LFT 180106,LFT
127,2002-07-04 00:00:00,0.016,0.016399999999999998,1303.74,1301.92,20060118,LFT 180106,LFT
128,2002-07-05 00:00:00,0.016,0.016399999999999998,1304.69,1302.87,20060118,LFT 180106,LFT
129,2002-07-08 00:00:00,0.016,0.016399999999999998,1305.65,1303.83,20060118,LFT 180106,LFT
130,2002-07-09 00:00:00,0.016,0.016399999999999998,1306.61,1304.79,20060118,LFT 180106,LFT
131,2002-07-10 00:00:00,0.0161,0.016499999999999997,1307.11,1305.3,20060118,LFT 180106,LFT
132,2002-07-11 00:00:00,0.0161,0.016499999999999997,1308.07,1306.26,20060118,LFT 180106,LFT
133,2002-07-12 00:00:00,0.016200000000000003,0.0166,1308.58,1306.76,20060118,LFT 180106,LFT
134,2002-07-15 00:00:00,0.016200000000000003,0.0166,1309.54,1307.72,20060118,LFT 180106,LFT
135,2002-07-16 00:00:00,0.019100000000000002,0.0195,1297.43,1295.64,20060118,LFT 180106,LFT
136,2002-07-17 00:00:00,0.019,0.019399999999999997,1298.85,1297.06,20060118,LFT 180106,LFT
137,2002-07-18 00:00:00,0.0189,0.019299999999999998,1300.24,1298.45,20060118,LFT 180106,LFT
138,2002-07-19 00:00:00,0.0189,0.019299999999999998,1301.19,1299.4,20060118,LFT 180106,LFT
139,2002-07-22 00:00:00,0.018600000000000002,0.019,1303.48,1301.69,20060118,LFT 180106,LFT
140,2002-07-23 00:00:00,0.0187,0.0191,1303.98,1302.19,20060118,LFT 180106,LFT
141,2002-07-24 00:00:00,0.0188,0.0192,1304.48,1302.69,20060118,LFT 180106,LFT
142,2002-07-25 00:00:00,0.0188,0.0192,1305.43,1303.64,20060118,LFT 180106,LFT
143,2002-07-26 00:00:00,0.0188,0.0192,1306.37,1304.59,20060118,LFT 180106,LFT
144,2002-07-29 00:00:00,0.019700000000000002,0.0201,1303.31,1301.53,20060118,LFT 180106,LFT
145,2002-07-30 00:00:00,0.019600000000000003,0.02,1304.71,1302.93,20060118,LFT 180106,LFT
146,2002-07-31 00:00:00,0.0199,0.0203,1304.32,1302.55,20060118,LFT 180106,LFT
147,2002-08-01 00:00:00,0.0201,0.020499999999999997,1304.39,1302.62,20060118,LFT 180106,LFT
148,2002-08-02 00:00:00,0.02,0.020399999999999998,1305.79,1304.01,20060118,LFT 180106,LFT
149,2002-08-05 00:00:00,0.0199,0.0203,1307.18,1305.41,20060118,LFT 180106,LFT
150,2002-08-06 00:00:00,0.0222,0.0226,1297.99,1296.24,20060118,LFT 180106,LFT
151,2002-08-07 00:00:00,0.0222,0.0226,1298.95,1297.2,20060118,LFT 180106,LFT
152,2002-08-08 00:00:00,0.0223,0.022699999999999998,1299.48,1297.72,20060118,LFT 180106,LFT
153,2002-08-09 00:00:00,0.0224,0.022799999999999997,1300,1298.25,20060118,LFT 180106,LFT
154,2002-08-12 00:00:00,0.0257,0.026099999999999998,1286.62,1284.89,20060118,LFT 180106,LFT
155,2002-08-13 00:00:00,0.026000000000000002,0.0264,1286.29,1284.57,20060118,LFT 180106,LFT
156,2002-08-14 00:00:00,0.027,0.027399999999999997,1282.96,1281.25,20060118,LFT 180106,LFT
157,2002-08-15 00:00:00,0.0273,0.0277,1282.65,1280.94,20060118,LFT 180106,LFT
158,2002-08-16 00:00:00,0.026600000000000002,0.027,1286.62,1284.91,20060118,LFT 180106,LFT
159,2002-08-19 00:00:00,0.025500000000000002,0.0259,1292.32,1290.6,20060118,LFT 180106,LFT
160,2002-08-20 00:00:00,0.0253,0.025699999999999997,1294.16,1292.43,20060118,LFT 180106,LFT
161,2002-08-21 00:00:00,0.0252,0.025599999999999998,1295.56,1293.84,20060118,LFT 180106,LFT
162,2002-08-22 00:00:00,0.0246,0.025,1299.13,1297.4,20060118,LFT 180106,LFT
163,2002-08-23 00:00:00,0.0246,0.025,1300.1,1298.37,20060118,LFT 180106,LFT
164,2002-08-26 00:00:00,0.0241,0.024499999999999997,1303.23,1301.5,20060118,LFT 180106,LFT
165,2002-08-27 00:00:00,0.0239,0.0243,1305.07,1303.34,20060118,LFT 180106,LFT
166,2002-08-28 00:00:00,0.023200000000000002,0.0236,1309.07,1307.34,20060118,LFT 180106,LFT
167,2002-08-29 00:00:00,0.022600000000000002,0.023,1312.65,1310.91,20060118,LFT 180106,LFT
168,2002-08-30 00:00:00,0.0224,0.022799999999999997,1314.49,1312.75,20060118,LFT 180106,LFT
169,2002-09-02 00:00:00,0.021500000000000002,0.0219,1319.39,1317.64,20060118,LFT 180106,LFT
170,2002-09-03 00:00:00,0.021500000000000002,0.0219,1320.36,1318.62,20060118,LFT 180106,LFT
171,2002-09-04 00:00:00,0.0213,0.021699999999999997,1322.21,1320.46,20060118,LFT 180106,LFT
172,2002-09-05 00:00:00,0.0211,0.0215,1324.05,1322.31,20060118,LFT 180106,LFT
173,2002-09-06 00:00:00,0.0211,0.0215,1325.03,1323.28,20060118,LFT 180106,LFT
174,2002-09-09 00:00:00,0.0211,0.0215,1326,1324.26,20060118,LFT 180106,LFT
175,2002-09-10 00:00:00,0.0211,0.0215,1326.98,1325.24,20060118,LFT 180106,LFT
176,2002-09-11 00:00:00,0.021,0.0214,1328.39,1326.65,20060118,LFT 180106,LFT
177,2002-09-12 00:00:00,0.0211,0.0215,1328.94,1327.19,20060118,LFT 180106,LFT
178,2002-09-13 00:00:00,0.021,0.0214,1330.35,1328.61,20060118,LFT 180106,LFT
179,2002-09-16 00:00:00,0.021,0.0214,1331.33,1329.59,20060118,LFT 180106,LFT
180,2002-09-17 00:00:00,0.020900000000000002,0.0213,1332.75,1331,20060118,LFT 180106,LFT
181,2002-09-18 00:00:00,0.020900000000000002,0.0213,1333.73,1331.98,20060118,LFT 180106,LFT
182,2002-09-19 00:00:00,0.020900000000000002,0.0213,1334.71,1332.97,20060118,LFT 180106,LFT
183,2002-09-20 00:00:00,0.021,0.0214,1335.25,1333.52,20060118,LFT 180106,LFT
184,2002-09-23 00:00:00,0.021,0.0214,1336.24,1334.5,20060118,LFT 180106,LFT
185,2002-09-24 00:00:00,0.021,0.0214,1337.22,1335.48,20060118,LFT 180106,LFT
186,2002-09-25 00:00:00,0.0211,0.0215,1337.77,1336.04,20060118,LFT 180106,LFT
187,2002-09-26 00:00:00,0.0212,0.021599999999999998,1338.32,1336.59,20060118,LFT 180106,LFT
188,2002-09-27 00:00:00,0.0213,0.021699999999999997,1338.87,1337.14,20060118,LFT 180106,LFT
189,2002-09-30 00:00:00,0.021400000000000002,0.0218,1339.43,1337.7,20060118,LFT 180106,LFT
190,2002-10-01 00:00:00,0.021400000000000002,0.0218,1340.42,1338.69,20060118,LFT 180106,LFT
191,2002-10-02 00:00:00,0.021400000000000002,0.0218,1341.41,1339.68,20060118,LFT 180106,LFT
192,2002-10-03 00:00:00,0.021400000000000002,0.0218,1342.4,1340.67,20060118,LFT 180106,LFT
193,2002-10-04 00:00:00,0.021400000000000002,0.0218,1343.39,1341.66,20060118,LFT 180106,LFT
194,2002-10-07 00:00:00,0.021400000000000002,0.0218,1344.38,1342.65,20060118,LFT 180106,LFT
195,2002-10-08 00:00:00,0.021400000000000002,0.0218,1345.37,1343.64,20060118,LFT 180106,LFT
196,2002-10-09 00:00:00,0.021400000000000002,0.0218,1346.36,1344.64,20060118,LFT 180106,LFT
197,2002-10-10 00:00:00,0.021500000000000002,0.0219,1346.92,1345.2,20060118,LFT 180106,LFT
198,2002-10-11 00:00:00,0.021500000000000002,0.0219,1347.92,1346.2,20060118,LFT 180106,LFT
199,2002-10-14 00:00:00,0.021500000000000002,0.0219,1348.91,1347.19,20060118,LFT 180106,LFT
200,2002-10-15 00:00:00,0.021500000000000002,0.0219,1350.04,1348.32,20060118,LFT 180106,LFT
201,2002-10-16 00:00:00,0.021500000000000002,0.0219,1351.17,1349.45,20060118,LFT 180106,LFT
202,2002-10-17 00:00:00,0.021500000000000002,0.0219,1352.31,1350.59,20060118,LFT 180106,LFT
203,2002-10-18 00:00:00,0.021500000000000002,0.0219,1353.44,1351.72,20060118,LFT 180106,LFT
204,2002-10-21 00:00:00,0.021500000000000002,0.0219,1354.57,1352.85,20060118,LFT 180106,LFT
205,2002-10-22 00:00:00,0.021500000000000002,0.0219,1355.71,1353.99,20060118,LFT 180106,LFT
206,2002-10-23 00:00:00,0.021500000000000002,0.0219,1356.84,1355.13,20060118,LFT 180106,LFT
207,2002-10-24 00:00:00,0.021500000000000002,0.0219,1357.98,1356.27,20060118,LFT 180106,LFT
208,2002-10-25 00:00:00,0.021500000000000002,0.0219,1358.1,1356.38,20060118,LFT 180106,LFT
209,2002-10-28 00:00:00,0.021400000000000002,0.0218,1360.69,1358.97,20060118,LFT 180106,LFT
210,2002-10-29 00:00:00,0.021400000000000002,0.0218,1361.83,1360.11,20060118,LFT 180106,LFT
211,2002-10-30 00:00:00,0.021400000000000002,0.0218,1362.97,1361.25,20060118,LFT 180106,LFT
212,2002-10-31 00:00:00,0.021400000000000002,0.0218,1364.11,1362.4,20060118,LFT 180106,LFT
213,2002-11-01 00:00:00,0.021400000000000002,0.0218,1365.25,1363.54,20060118,LFT 180106,LFT
214,2002-11-04 00:00:00,0.021400000000000002,0.0218,1366.39,1364.68,20060118,LFT 180106,LFT
215,2002-11-05 00:00:00,0.021400000000000002,0.0218,1367.54,1365.83,20060118,LFT 180106,LFT
216,2002-11-06 00:00:00,0.021400000000000002,0.0218,1368.68,1366.97,20060118,LFT 180106,LFT
217,2002-11-07 00:00:00,0.021400000000000002,0.0218,1369.83,1368.12,20060118,LFT 180106,LFT
218,2002-11-08 00:00:00,0.021400000000000002,0.0218,1370.98,1369.27,20060118,LFT 180106,LFT
219,2002-11-11 00:00:00,0.021400000000000002,0.0218,1372.13,1370.42,20060118,LFT 180106,LFT
220,2002-11-12 00:00:00,0.021400000000000002,0.0218,1373.28,1371.57,20060118,LFT 180106,LFT
221,2002-11-13 00:00:00,0.021400000000000002,0.0218,1374.43,1372.72,20060118,LFT 180106,LFT
222,2002-11-14 00:00:00,0.021400000000000002,0.0218,1375.58,1373.87,20060118,LFT 180106,LFT
223,2002-11-18 00:00:00,0.0213,0.021699999999999997,1377.16,1375.45,20060118,LFT 180106,LFT
224,2002-11-19 00:00:00,0.0213,0.021699999999999997,1378.31,1376.6,20060118,LFT 180106,LFT
225,2002-11-20 00:00:00,0.0213,0.021699999999999997,1379.46,1377.76,20060118,LFT 180106,LFT
226,2002-11-21 00:00:00,0.021,0.0214,1381.94,1380.24,20060118,LFT 180106,LFT
227,2002-11-22 00:00:00,0.0204,0.0208,1385.71,1384,20060118,LFT 180106,LFT
228,2002-11-25 00:00:00,0.020300000000000002,0.0207,1387.34,1385.63,20060118,LFT 180106,LFT
229,2002-11-26 00:00:00,0.02,0.020399999999999998,1389.82,1388.11,20060118,LFT 180106,LFT
230,2002-11-27 00:00:00,0.0198,0.0202,1391.88,1390.17,20060118,LFT 180106,LFT
231,2002-11-28 00:00:00,0.019700000000000002,0.0201,1393.51,1391.8,20060118,LFT 180106,LFT
232,2002-11-29 00:00:00,0.019700000000000002,0.0201,1394.82,1393.11,20060118,LFT 180106,LFT
233,2002-12-02 00:00:00,0.019700000000000002,0.0201,1395.92,1394.21,20060118,LFT 180106,LFT
234,2002-12-03 00:00:00,0.0195,0.019899999999999998,1397.98,1396.27,20060118,LFT 180106,LFT
235,2002-12-04 00:00:00,0.0194,0.019799999999999998,1399.61,1397.9,20060118,LFT 180106,LFT
236,2002-12-05 00:00:00,0.0194,0.019799999999999998,1400.82,1399.11,20060118,LFT 180106,LFT
237,2002-12-06 00:00:00,0.0194,0.019799999999999998,1402.03,1400.32,20060118,LFT 180106,LFT
238,2002-12-09 00:00:00,0.0194,0.019799999999999998,1403.24,1401.53,20060118,LFT 180106,LFT
239,2002-12-10 00:00:00,0.0193,0.0197,1404.88,1403.17,20060118,LFT 180106,LFT
240,2002-12-11 00:00:00,0.019200000000000002,0.0196,1406.52,1404.81,20060118,LFT 180106,LFT
241,2002-12-12 00:00:00,0.019200000000000002,0.0196,1407.73,1406.02,20060118,LFT 180106,LFT
242,2002-12-13 00:00:00,0.0193,0.0197,1408.51,1406.81,20060118,LFT 180106,LFT
243,2002-12-16 00:00:00,0.0193,0.0197,1409.73,1408.02,20060118,LFT 180106,LFT
244,2002-12-17 00:00:00,0.0193,0.0197,1410.94,1409.24,20060118,LFT 180106,LFT
245,2002-12-18 00:00:00,0.0189,0.019299999999999998,1413.87,1412.16,20060118,LFT 180106,LFT
246,2002-12-19 00:00:00,0.0189,0.019299999999999998,1415.22,1413.51,20060118,LFT 180106,LFT
247,2002-12-20 00:00:00,0.0188,0.0192,1417,1415.29,20060118,LFT 180106,LFT
248,2002-12-23 00:00:00,0.0187,0.0191,1418.89,1417.18,20060118,LFT 180106,LFT
249,2002-12-24 00:00:00,0.0187,0.0191,1420.14,1418.43,20060118,LFT 180106,LFT
250,2002-12-26 00:00:00,0.0188,0.0192,1421.07,1419.37,20060118,LFT 180106,LFT
251,2002-12-27 00:00:00,0.0188,0.0192,1422.43,1420.73,20060118,LFT 180106,LFT
252,2002-12-30 00:00:00,0.0188,0.0192,1423.9,1422.2,20060118,LFT 180106,LFT
253,2002-12-31 00:00:00,0.0188,0.0192,1425.15,1423.45,20060118,LFT 180106,LFT
4,2002-01-07 00:00:00,0.0037,0.0043,1245.9,1242.17,20070117,LFT 170107,LFT
5,2002-01-08 00:00:00,0.0037,0.0043,1246.78,1243.05,20070117,LFT 170107,LFT
6,2002-01-09 00:00:00,0.0037,0.0043,1247.66,1243.93,20070117,LFT 170107,LFT
7,2002-01-10 00:00:00,0.0037,0.0043,1248.55,1244.82,20070117,LFT 170107,LFT
8,2002-01-11 00:00:00,0.0037,0.0043,1249.43,1245.7,20070117,LFT 170107,LFT
9,2002-01-14 00:00:00,0.0037,0.0043,1250.31,1246.58,20070117,LFT 170107,LFT
10,2002-01-15 00:00:00,0.0037,0.0043,1251.2,1247.47,20070117,LFT 170107,LFT
11,2002-01-16 00:00:00,0.0037,0.0043,1252.08,1248.35,20070117,LFT 170107,LFT
12,2002-01-17 00:00:00,0.0037,0.0043,1252.97,1249.24,20070117,LFT 170107,LFT
13,2002-01-18 00:00:00,0.0037,0.0043,1253.85,1250.12,20070117,LFT 170107,LFT
14,2002-01-21 00:00:00,0.0037,0.0043,1254.74,1251.01,20070117,LFT 170107,LFT
15,2002-01-22 00:00:00,0.0037,0.0043,1255.62,1251.9,20070117,LFT 170107,LFT
16,2002-01-23 00:00:00,0.0037,0.0043,1256.51,1252.78,20070117,LFT 170107,LFT
17,2002-01-24 00:00:00,0.0037,0.0043,1257.4,1253.67,20070117,LFT 170107,LFT
18,2002-01-25 00:00:00,0.0037,0.0043,1258.29,1254.56,20070117,LFT 170107,LFT
19,2002-01-28 00:00:00,0.0037,0.0043,1259.18,1255.45,20070117,LFT 170107,LFT
20,2002-01-29 00:00:00,0.0037,0.0043,1260.07,1256.34,20070117,LFT 170107,LFT
21,2002-01-30 00:00:00,0.0037,0.0043,1260.96,1257.23,20070117,LFT 170107,LFT
22,2002-01-31 00:00:00,0.0037,0.0043,1261.85,1258.13,20070117,LFT 170107,LFT
23,2002-02-01 00:00:00,0.0037,0.0043,1262.74,1259.02,20070117,LFT 170107,LFT
24,2002-02-04 00:00:00,0.0037,0.0043,1263.64,1259.91,20070117,LFT 170107,LFT
25,2002-02-05 00:00:00,0.0038000000000000004,0.0044,1263.91,1260.18,20070117,LFT 170107,LFT
26,2002-02-06 00:00:00,0.0038000000000000004,0.0044,1264.8,1261.08,20070117,LFT 170107,LFT
27,2002-02-07 00:00:00,0.0039,0.0045,1265.07,1261.35,20070117,LFT 170107,LFT
28,2002-02-08 00:00:00,0.004,0.0046,1265.35,1261.63,20070117,LFT 170107,LFT
29,2002-02-13 00:00:00,0.004,0.0046,1266.24,1262.53,20070117,LFT 170107,LFT
30,2002-02-14 00:00:00,0.004,0.0046,1267.14,1263.42,20070117,LFT 170107,LFT
31,2002-02-15 00:00:00,0.0039,0.0045,1268.66,1264.94,20070117,LFT 170107,LFT
32,2002-02-18 00:00:00,0.0039,0.0045,1269.56,1265.84,20070117,LFT 170107,LFT
33,2002-02-19 00:00:00,0.0039,0.0045,1270.45,1266.74,20070117,LFT 170107,LFT
34,2002-02-20 00:00:00,0.004,0.0046,1270.73,1267.02,20070117,LFT 170107,LFT
35,2002-02-21 00:00:00,0.0041,0.0047,1271,1267.29,20070117,LFT 170107,LFT
36,2002-02-22 00:00:00,0.0042,0.0048,1271.27,1267.56,20070117,LFT 170107,LFT
37,2002-02-25 00:00:00,0.0043,0.0049,1271.54,1267.84,20070117,LFT 170107,LFT
38,2002-02-26 00:00:00,0.0043,0.0049,1272.44,1268.73,20070117,LFT 170107,LFT
39,2002-02-27 00:00:00,0.0043,0.0049,1273.33,1269.62,20070117,LFT 170107,LFT
40,2002-02-28 00:00:00,0.0043,0.0049,1274.22,1270.51,20070117,LFT 170107,LFT
41,2002-03-01 00:00:00,0.0043,0.0049,1275.11,1271.41,20070117,LFT 170107,LFT
42,2002-03-04 00:00:00,0.0045,0.0050999999999999995,1274.77,1271.07,20070117,LFT 170107,LFT
43,2002-03-05 00:00:00,0.0044,0.005,1276.28,1272.58,20070117,LFT 170107,LFT
44,2002-03-06 00:00:00,0.0047,0.0053,1275.33,1271.63,20070117,LFT 170107,LFT
45,2002-03-07 00:00:00,0.0046,0.0052,1276.84,1273.14,20070117,LFT 170107,LFT
46,2002-03-08 00:00:00,0.0047,0.0053,1277.12,1273.42,20070117,LFT 170107,LFT
47,2002-03-11 00:00:00,0.0047,0.0053,1278.01,1274.32,20070117,LFT 170107,LFT
48,2002-03-12 00:00:00,0.0047,0.0053,1278.91,1275.22,20070117,LFT 170107,LFT
49,2002-03-13 00:00:00,0.0047,0.0053,1279.81,1276.12,20070117,LFT 170107,LFT
50,2002-03-14 00:00:00,0.0047,0.0053,1280.71,1277.02,20070117,LFT 170107,LFT
51,2002-03-15 00:00:00,0.0046,0.0052,1282.23,1278.53,20070117,LFT 170107,LFT
52,2002-03-18 00:00:00,0.0046,0.0052,1283.13,1279.43,20070117,LFT 170107,LFT
53,2002-03-19 00:00:00,0.0047,0.0053,1283.41,1279.72,20070117,LFT 170107,LFT
54,2002-03-20 00:00:00,0.0047,0.0053,1284.31,1280.62,20070117,LFT 170107,LFT
55,2002-03-21 00:00:00,0.0047,0.0053,1285.2,1281.51,20070117,LFT 170107,LFT
56,2002-03-22 00:00:00,0.0045,0.0050999999999999995,1287.33,1283.63,20070117,LFT 170107,LFT
57,2002-03-25 00:00:00,0.0045,0.0050999999999999995,1288.22,1284.53,20070117,LFT 170107,LFT
58,2002-03-26 00:00:00,0.0046,0.0052,1288.5,1284.8,20070117,LFT 170107,LFT
59,2002-03-27 00:00:00,0.0045,0.0050999999999999995,1290.01,1286.31,20070117,LFT 170107,LFT
60,2002-03-28 00:00:00,0.0046,0.0052,1290.28,1286.59,20070117,LFT 170107,LFT
61,2002-04-01 00:00:00,0.0045,0.0050999999999999995,1291.79,1288.1,20070117,LFT 170107,LFT
62,2002-04-02 00:00:00,0.0044,0.005,1293.3,1289.61,20070117,LFT 170107,LFT
63,2002-04-03 00:00:00,0.0044,0.005,1294.19,1290.5,20070117,LFT 170107,LFT
64,2002-04-04 00:00:00,0.0043,0.0049,1295.7,1292,20070117,LFT 170107,LFT
65,2002-04-05 00:00:00,0.0046,0.0052,1294.74,1291.05,20070117,LFT 170107,LFT
66,2002-04-08 00:00:00,0.0047,0.0053,1295.02,1291.33,20070117,LFT 170107,LFT
67,2002-04-09 00:00:00,0.0057,0.0063,1289.78,1286.11,20070117,LFT 170107,LFT
68,2002-04-10 00:00:00,0.0063,0.0069,1287.01,1283.35,20070117,LFT 170107,LFT
69,2002-04-11 00:00:00,0.0062,0.0068,1288.51,1284.86,20070117,LFT 170107,LFT
70,2002-04-12 00:00:00,0.0062,0.0068,1289.41,1285.75,20070117,LFT 170107,LFT
71,2002-04-15 00:00:00,0.0062,0.0068,1290.3,1286.65,20070117,LFT 170107,LFT
72,2002-04-16 00:00:00,0.0062,0.0068,1291.2,1287.55,20070117,LFT 170107,LFT
73,2002-04-17 00:00:00,0.0062,0.0068,1292.1,1288.45,20070117,LFT 170107,LFT
74,2002-04-18 00:00:00,0.0062,0.0068,1292.99,1289.35,20070117,LFT 170107,LFT
75,2002-04-19 00:00:00,0.0062,0.0068,1293.89,1290.24,20070117,LFT 170107,LFT
76,2002-04-22 00:00:00,0.0062,0.0068,1294.79,1291.14,20070117,LFT 170107,LFT
77,2002-04-23 00:00:00,0.0062,0.0068,1295.69,1292.04,20070117,LFT 170107,LFT
78,2002-04-24 00:00:00,0.0062,0.0068,1296.59,1292.94,20070117,LFT 170107,LFT
79,2002-04-25 00:00:00,0.0062,0.0068,1297.49,1293.84,20070117,LFT 170107,LFT
80,2002-04-26 00:00:00,0.0062,0.0068,1298.39,1294.74,20070117,LFT 170107,LFT
81,2002-04-29 00:00:00,0.0062,0.0068,1299.29,1295.64,20070117,LFT 170107,LFT
82,2002-04-30 00:00:00,0.0064,0.007,1298.97,1295.33,20070117,LFT 170107,LFT
83,2002-05-02 00:00:00,0.007,0.0076,1296.22,1292.59,20070117,LFT 170107,LFT
84,2002-05-03 00:00:00,0.008,0.0086,1291.08,1287.48,20070117,LFT 170107,LFT
85,2002-05-06 00:00:00,0.0088,0.0094,1287.18,1283.59,20070117,LFT 170107,LFT
86,2002-05-07 00:00:00,0.0089,0.0095,1287.49,1283.9,20070117,LFT 170107,LFT
87,2002-05-08 00:00:00,0.0075,0.0081,1296.81,1293.19,20070117,LFT 170107,LFT
88,2002-05-09 00:00:00,0.0084,0.009,1292.29,1288.69,20070117,LFT 170107,LFT
89,2002-05-10 00:00:00,0.0083,0.0089,1293.8,1290.2,20070117,LFT 170107,LFT
90,2002-05-13 00:00:00,0.0083,0.0089,1294.71,1291.11,20070117,LFT 170107,LFT
91,2002-05-14 00:00:00,0.0095,0.0101,1288.43,1284.86,20070117,LFT 170107,LFT
92,2002-05-15 00:00:00,0.0102,0.0108,1285.18,1281.62,20070117,LFT 170107,LFT
93,2002-05-16 00:00:00,0.0101,0.0107,1287.55,1283.99,20070117,LFT 170107,LFT
94,2002-05-17 00:00:00,0.0101,0.0107,1287.6,1284.04,20070117,LFT 170107,LFT
95,2002-05-20 00:00:00,0.0105,0.0111,1286.14,1282.59,20070117,LFT 170107,LFT
96,2002-05-21 00:00:00,0.0101,0.0107,1289.43,1285.87,20070117,LFT 170107,LFT
97,2002-05-22 00:00:00,0.0101,0.0107,1290.35,1286.79,20070117,LFT 170107,LFT
98,2002-05-23 00:00:00,0.0103,0.0109,1290.08,1286.52,20070117,LFT 170107,LFT
99,2002-05-24 00:00:00,0.0102,0.0108,1291.59,1288.03,20070117,LFT 170107,LFT
100,2002-05-27 00:00:00,0.0105,0.0111,1290.73,1287.18,20070117,LFT 170107,LFT
101,2002-05-28 00:00:00,0.0107,0.0113,1290.46,1286.92,20070117,LFT 170107,LFT
102,2002-05-29 00:00:00,0.0109,0.0115,1290.2,1286.66,20070117,LFT 170107,LFT
103,2002-05-31 00:00:00,0.0148,0.0154,1268.32,1264.86,20070117,LFT 170107,LFT
104,2002-06-03 00:00:00,0.0162,0.016800000000000002,1261.17,1257.73,20070117,LFT 170107,LFT
105,2002-06-04 00:00:00,0.0161,0.016700000000000003,1262.62,1259.18,20070117,LFT 170107,LFT
106,2002-06-05 00:00:00,0.015999999999999997,0.0166,1264.02,1260.58,20070117,LFT 170107,LFT
107,2002-06-06 00:00:00,0.015799999999999998,0.0164,1266.03,1262.59,20070117,LFT 170107,LFT
108,2002-06-07 00:00:00,0.015899999999999997,0.0165,1266.36,1262.92,20070117,LFT 170107,LFT
109,2002-06-10 00:00:00,0.015899999999999997,0.0165,1267.29,1263.84,20070117,LFT 170107,LFT
110,2002-06-11 00:00:00,0.015999999999999997,0.0166,1267.64,1264.2,20070117,LFT 170107,LFT
111,2002-06-12 00:00:00,0.0162,0.016800000000000002,1267.42,1263.98,20070117,LFT 170107,LFT
112,2002-06-13 00:00:00,0.015999999999999997,0.0166,1269.49,1266.05,20070117,LFT 170107,LFT
113,2002-06-14 00:00:00,0.0162,0.016800000000000002,1269.27,1265.84,20070117,LFT 170107,LFT
114,2002-06-17 00:00:00,0.0201,0.020700000000000003,1248.1,1244.74,20070117,LFT 170107,LFT
115,2002-06-18 00:00:00,0.0151,0.015700000000000002,1277.45,1274,20070117,LFT 170107,LFT
116,2002-06-19 00:00:00,0.014,0.0146,1284.74,1281.27,20070117,LFT 170107,LFT
117,2002-06-20 00:00:00,0.0143,0.0149,1283.94,1280.47,20070117,LFT 170107,LFT
118,2002-06-21 00:00:00,0.0143,0.0149,1284.87,1281.41,20070117,LFT 170107,LFT
119,2002-06-24 00:00:00,0.0152,0.0158,1280.61,1277.17,20070117,LFT 170107,LFT
120,2002-06-25 00:00:00,0.015399999999999999,0.016,1280.4,1276.96,20070117,LFT 170107,LFT
121,2002-06-26 00:00:00,0.0153,0.0159,1281.91,1278.46,20070117,LFT 170107,LFT
122,2002-06-27 00:00:00,0.0151,0.015700000000000002,1284,1280.55,20070117,LFT 170107,LFT
123,2002-06-28 00:00:00,0.015399999999999999,0.016,1283.21,1279.77,20070117,LFT 170107,LFT
124,2002-07-01 00:00:00,0.015500000000000002,0.016100000000000003,1283.57,1280.13,20070117,LFT 170107,LFT
125,2002-07-02 00:00:00,0.015799999999999998,0.0164,1282.79,1279.36,20070117,LFT 170107,LFT
126,2002-07-03 00:00:00,0.015999999999999997,0.0166,1282.59,1279.16,20070117,LFT 170107,LFT
127,2002-07-04 00:00:00,0.015799999999999998,0.0164,1284.67,1281.24,20070117,LFT 170107,LFT
128,2002-07-05 00:00:00,0.0162,0.016800000000000002,1283.32,1279.9,20070117,LFT 170107,LFT
129,2002-07-08 00:00:00,0.015999999999999997,0.0166,1285.41,1281.98,20070117,LFT 170107,LFT
130,2002-07-09 00:00:00,0.015999999999999997,0.0166,1286.35,1282.93,20070117,LFT 170107,LFT
131,2002-07-10 00:00:00,0.015899999999999997,0.0165,1287.87,1284.44,20070117,LFT 170107,LFT
132,2002-07-11 00:00:00,0.015999999999999997,0.0166,1288.24,1284.82,20070117,LFT 170107,LFT
133,2002-07-12 00:00:00,0.015999999999999997,0.0166,1289.19,1285.76,20070117,LFT 170107,LFT
134,2002-07-15 00:00:00,0.0161,0.016700000000000003,1289.56,1286.14,20070117,LFT 170107,LFT
135,2002-07-16 00:00:00,0.018899999999999997,0.0195,1274.62,1271.25,20070117,LFT 170107,LFT
136,2002-07-17 00:00:00,0.0191,0.019700000000000002,1274.45,1271.08,20070117,LFT 170107,LFT
137,2002-07-18 00:00:00,0.019,0.019600000000000003,1275.94,1272.57,20070117,LFT 170107,LFT
138,2002-07-19 00:00:00,0.019,0.019600000000000003,1276.87,1273.5,20070117,LFT 170107,LFT
139,2002-07-22 00:00:00,0.019,0.019600000000000003,1277.8,1274.43,20070117,LFT 170107,LFT
140,2002-07-23 00:00:00,0.018799999999999997,0.0194,1279.85,1276.48,20070117,LFT 170107,LFT
141,2002-07-24 00:00:00,0.018799999999999997,0.0194,1280.78,1277.41,20070117,LFT 170107,LFT
142,2002-07-25 00:00:00,0.0192,0.0198,1279.47,1276.1,20070117,LFT 170107,LFT
143,2002-07-26 00:00:00,0.0192,0.0198,1280.4,1277.03,20070117,LFT 170107,LFT
144,2002-07-29 00:00:00,0.0195,0.020100000000000003,1279.65,1276.29,20070117,LFT 170107,LFT
145,2002-07-30 00:00:00,0.019399999999999997,0.02,1281.14,1277.78,20070117,LFT 170107,LFT
146,2002-07-31 00:00:00,0.020599999999999997,0.0212,1275.37,1272.03,20070117,LFT 170107,LFT
147,2002-08-01 00:00:00,0.020599999999999997,0.0212,1276.31,1272.97,20070117,LFT 170107,LFT
148,2002-08-02 00:00:00,0.020399999999999998,0.021,1278.35,1275.02,20070117,LFT 170107,LFT
149,2002-08-05 00:00:00,0.0203,0.020900000000000002,1279.85,1276.51,20070117,LFT 170107,LFT
150,2002-08-06 00:00:00,0.022199999999999998,0.0228,1270.25,1266.94,20070117,LFT 170107,LFT
151,2002-08-07 00:00:00,0.022199999999999998,0.0228,1271.19,1267.88,20070117,LFT 170107,LFT
152,2002-08-08 00:00:00,0.022199999999999998,0.0228,1272.13,1268.82,20070117,LFT 170107,LFT
153,2002-08-09 00:00:00,0.022299999999999997,0.0229,1272.51,1269.21,20070117,LFT 170107,LFT
154,2002-08-12 00:00:00,0.0253,0.025900000000000003,1257.05,1253.8,20070117,LFT 170107,LFT
155,2002-08-13 00:00:00,0.025599999999999998,0.0262,1256.37,1253.12,20070117,LFT 170107,LFT
156,2002-08-14 00:00:00,0.026299999999999997,0.0269,1253.53,1250.3,20070117,LFT 170107,LFT
157,2002-08-15 00:00:00,0.0266,0.027200000000000002,1252.86,1249.63,20070117,LFT 170107,LFT
158,2002-08-16 00:00:00,0.026,0.026600000000000002,1257.04,1253.81,20070117,LFT 170107,LFT
159,2002-08-19 00:00:00,0.0254,0.026000000000000002,1261.23,1257.99,20070117,LFT 170107,LFT
160,2002-08-20 00:00:00,0.025199999999999997,0.0258,1263.27,1260.02,20070117,LFT 170107,LFT
161,2002-08-21 00:00:00,0.025099999999999997,0.0257,1264.76,1261.51,20070117,LFT 170107,LFT
162,2002-08-22 00:00:00,0.0247,0.025300000000000003,1267.88,1264.62,20070117,LFT 170107,LFT
163,2002-08-23 00:00:00,0.024599999999999997,0.0252,1269.37,1266.11,20070117,LFT 170107,LFT
164,2002-08-26 00:00:00,0.0243,0.024900000000000002,1271.95,1268.69,20070117,LFT 170107,LFT
165,2002-08-27 00:00:00,0.023899999999999998,0.0245,1275.08,1271.81,20070117,LFT 170107,LFT
166,2002-08-28 00:00:00,0.0235,0.024100000000000003,1278.21,1274.94,20070117,LFT 170107,LFT
167,2002-08-29 00:00:00,0.023,0.023600000000000003,1281.9,1278.62,20070117,LFT 170107,LFT
168,2002-08-30 00:00:00,0.022699999999999998,0.0233,1284.5,1281.21,20070117,LFT 170107,LFT
169,2002-09-02 00:00:00,0.022099999999999998,0.0227,1288.75,1285.45,20070117,LFT 170107,LFT
170,2002-09-03 00:00:00,0.022099999999999998,0.0227,1289.7,1286.4,20070117,LFT 170107,LFT
171,2002-09-04 00:00:00,0.0219,0.0225,1291.75,1288.45,20070117,LFT 170107,LFT
172,2002-09-05 00:00:00,0.021599999999999998,0.0222,1294.36,1291.06,20070117,LFT 170107,LFT
173,2002-09-06 00:00:00,0.021599999999999998,0.0222,1295.32,1292.01,20070117,LFT 170107,LFT
174,2002-09-09 00:00:00,0.0214,0.022000000000000002,1297.38,1294.07,20070117,LFT 170107,LFT
175,2002-09-10 00:00:00,0.0214,0.022000000000000002,1298.33,1295.03,20070117,LFT 170107,LFT
176,2002-09-11 00:00:00,0.0213,0.021900000000000003,1299.84,1296.54,20070117,LFT 170107,LFT
177,2002-09-12 00:00:00,0.0214,0.022000000000000002,1300.25,1296.94,20070117,LFT 170107,LFT
178,2002-09-13 00:00:00,0.0213,0.021900000000000003,1301.76,1298.45,20070117,LFT 170107,LFT
179,2002-09-16 00:00:00,0.0213,0.021900000000000003,1302.72,1299.41,20070117,LFT 170107,LFT
180,2002-09-17 00:00:00,0.0214,0.022000000000000002,1303.13,1299.83,20070117,LFT 170107,LFT
181,2002-09-18 00:00:00,0.0213,0.021900000000000003,1304.64,1301.34,20070117,LFT 170107,LFT
182,2002-09-19 00:00:00,0.021099999999999997,0.0217,1306.71,1303.4,20070117,LFT 170107,LFT
183,2002-09-20 00:00:00,0.0213,0.021900000000000003,1306.57,1303.26,20070117,LFT 170107,LFT
184,2002-09-23 00:00:00,0.021199999999999997,0.0218,1308.08,1304.78,20070117,LFT 170107,LFT
185,2002-09-24 00:00:00,0.021199999999999997,0.0218,1309.04,1305.74,20070117,LFT 170107,LFT
186,2002-09-25 00:00:00,0.0213,0.021900000000000003,1309.46,1306.16,20070117,LFT 170107,LFT
187,2002-09-26 00:00:00,0.0215,0.0221,1309.32,1306.03,20070117,LFT 170107,LFT
188,2002-09-27 00:00:00,0.021599999999999998,0.0222,1309.74,1306.44,20070117,LFT 170107,LFT
189,2002-09-30 00:00:00,0.021699999999999997,0.0223,1310.16,1306.86,20070117,LFT 170107,LFT
190,2002-10-01 00:00:00,0.0218,0.022400000000000003,1310.57,1307.28,20070117,LFT 170107,LFT
191,2002-10-02 00:00:00,0.0218,0.022400000000000003,1311.54,1308.25,20070117,LFT 170107,LFT
192,2002-10-03 00:00:00,0.0218,0.022400000000000003,1312.51,1309.22,20070117,LFT 170107,LFT
193,2002-10-04 00:00:00,0.021699999999999997,0.0223,1314.03,1310.74,20070117,LFT 170107,LFT
194,2002-10-07 00:00:00,0.021699999999999997,0.0223,1315,1311.71,20070117,LFT 170107,LFT
195,2002-10-08 00:00:00,0.021699999999999997,0.0223,1315.98,1312.69,20070117,LFT 170107,LFT
196,2002-10-09 00:00:00,0.0218,0.022400000000000003,1316.4,1313.11,20070117,LFT 170107,LFT
197,2002-10-10 00:00:00,0.0218,0.022400000000000003,1317.37,1314.09,20070117,LFT 170107,LFT
198,2002-10-11 00:00:00,0.0218,0.022400000000000003,1318.35,1315.06,20070117,LFT 170107,LFT
199,2002-10-14 00:00:00,0.021699999999999997,0.0223,1319.87,1316.58,20070117,LFT 170107,LFT
200,2002-10-15 00:00:00,0.021699999999999997,0.0223,1320.98,1317.69,20070117,LFT 170107,LFT
201,2002-10-16 00:00:00,0.021699999999999997,0.0223,1322.08,1318.8,20070117,LFT 170107,LFT
202,2002-10-17 00:00:00,0.021699999999999997,0.0223,1323.19,1319.91,20070117,LFT 170107,LFT
203,2002-10-18 00:00:00,0.021699999999999997,0.0223,1324.3,1321.02,20070117,LFT 170107,LFT
204,2002-10-21 00:00:00,0.021599999999999998,0.0222,1325.96,1322.68,20070117,LFT 170107,LFT
205,2002-10-22 00:00:00,0.021599999999999998,0.0222,1327.07,1323.79,20070117,LFT 170107,LFT
206,2002-10-23 00:00:00,0.021599999999999998,0.0222,1328.19,1324.9,20070117,LFT 170107,LFT
207,2002-10-24 00:00:00,0.021599999999999998,0.0222,1329.3,1326.01,20070117,LFT 170107,LFT
208,2002-10-25 00:00:00,0.021599999999999998,0.0222,1329.41,1326.13,20070117,LFT 170107,LFT
209,2002-10-28 00:00:00,0.0215,0.0221,1332.08,1328.79,20070117,LFT 170107,LFT
210,2002-10-29 00:00:00,0.0215,0.0221,1333.19,1329.91,20070117,LFT 170107,LFT
211,2002-10-30 00:00:00,0.0214,0.022000000000000002,1334.86,1331.57,20070117,LFT 170107,LFT
212,2002-10-31 00:00:00,0.0214,0.022000000000000002,1335.98,1332.69,20070117,LFT 170107,LFT
213,2002-11-01 00:00:00,0.0214,0.022000000000000002,1337.1,1333.81,20070117,LFT 170107,LFT
214,2002-11-04 00:00:00,0.0214,0.022000000000000002,1338.22,1334.93,20070117,LFT 170107,LFT
215,2002-11-05 00:00:00,0.0214,0.022000000000000002,1339.34,1336.05,20070117,LFT 170107,LFT
216,2002-11-06 00:00:00,0.0214,0.022000000000000002,1340.46,1337.17,20070117,LFT 170107,LFT
217,2002-11-07 00:00:00,0.0214,0.022000000000000002,1341.58,1338.3,20070117,LFT 170107,LFT
218,2002-11-08 00:00:00,0.0214,0.022000000000000002,1342.71,1339.42,20070117,LFT 170107,LFT
219,2002-11-11 00:00:00,0.0214,0.022000000000000002,1343.83,1340.55,20070117,LFT 170107,LFT
220,2002-11-12 00:00:00,0.0214,0.022000000000000002,1344.95,1341.67,20070117,LFT 170107,LFT
221,2002-11-13 00:00:00,0.0214,0.022000000000000002,1346.08,1342.8,20070117,LFT 170107,LFT
222,2002-11-14 00:00:00,0.0214,0.022000000000000002,1347.21,1343.93,20070117,LFT 170107,LFT
223,2002-11-18 00:00:00,0.0214,0.022000000000000002,1348.34,1345.05,20070117,LFT 170107,LFT
224,2002-11-19 00:00:00,0.0214,0.022000000000000002,1349.47,1346.18,20070117,LFT 170107,LFT
225,2002-11-20 00:00:00,0.0213,0.021900000000000003,1351.14,1347.86,20070117,LFT 170107,LFT
226,2002-11-21 00:00:00,0.021099999999999997,0.0217,1353.42,1350.13,20070117,LFT 170107,LFT
227,2002-11-22 00:00:00,0.0208,0.021400000000000002,1356.24,1352.95,20070117,LFT 170107,LFT
228,2002-11-25 00:00:00,0.0208,0.021400000000000002,1357.42,1354.13,20070117,LFT 170107,LFT
229,2002-11-26 00:00:00,0.020599999999999997,0.0212,1359.69,1356.4,20070117,LFT 170107,LFT
230,2002-11-27 00:00:00,0.020399999999999998,0.021,1361.97,1358.68,20070117,LFT 170107,LFT
231,2002-11-28 00:00:00,0.020399999999999998,0.021,1363.15,1359.86,20070117,LFT 170107,LFT
232,2002-11-29 00:00:00,0.0203,0.020900000000000002,1364.99,1361.7,20070117,LFT 170107,LFT
233,2002-12-02 00:00:00,0.0203,0.020900000000000002,1366.07,1362.77,20070117,LFT 170107,LFT
234,2002-12-03 00:00:00,0.0202,0.020800000000000003,1367.8,1364.5,20070117,LFT 170107,LFT
235,2002-12-04 00:00:00,0.0202,0.020800000000000003,1368.98,1365.68,20070117,LFT 170107,LFT
236,2002-12-05 00:00:00,0.02,0.0206,1371.27,1367.97,20070117,LFT 170107,LFT
237,2002-12-06 00:00:00,0.02,0.0206,1372.46,1369.15,20070117,LFT 170107,LFT
238,2002-12-09 00:00:00,0.019899999999999998,0.0205,1374.19,1370.89,20070117,LFT 170107,LFT
239,2002-12-10 00:00:00,0.019899999999999998,0.0205,1375.38,1372.08,20070117,LFT 170107,LFT
240,2002-12-11 00:00:00,0.019799999999999998,0.0204,1377.12,1373.82,20070117,LFT 170107,LFT
241,2002-12-12 00:00:00,0.0197,0.020300000000000002,1378.86,1375.56,20070117,LFT 170107,LFT
242,2002-12-13 00:00:00,0.0197,0.020300000000000002,1380.05,1376.75,20070117,LFT 170107,LFT
243,2002-12-16 00:00:00,0.0197,0.020300000000000002,1381.25,1377.94,20070117,LFT 170107,LFT
244,2002-12-17 00:00:00,0.0196,0.020200000000000003,1382.99,1379.69,20070117,LFT 170107,LFT
245,2002-12-18 00:00:00,0.0195,0.020100000000000003,1384.74,1381.43,20070117,LFT 170107,LFT
246,2002-12-19 00:00:00,0.019399999999999997,0.02,1386.62,1383.31,20070117,LFT 170107,LFT
247,2002-12-20 00:00:00,0.019399999999999997,0.02,1387.95,1384.64,20070117,LFT 170107,LFT
248,2002-12-23 00:00:00,0.019299999999999998,0.0199,1389.93,1386.63,20070117,LFT 170107,LFT
249,2002-12-24 00:00:00,0.019299999999999998,0.0199,1391.16,1387.85,20070117,LFT 170107,LFT
250,2002-12-26 00:00:00,0.019299999999999998,0.0199,1392.5,1389.19,20070117,LFT 170107,LFT
251,2002-12-27 00:00:00,0.019299999999999998,0.0199,1393.83,1390.52,20070117,LFT 170107,LFT
252,2002-12-30 00:00:00,0.0192,0.0198,1395.83,1392.52,20070117,LFT 170107,LFT
253,2002-12-31 00:00:00,0.0192,0.0198,1397.06,1393.75,20070117,LFT 170107,LFT
